date,FTSEUROFIRST 80,volume
2003-04-30,2890.84,0
2003-05-02,2890.44,0
2003-05-05,2926.36,0
2003-05-06,2969.48,0
2003-05-07,2932.49,0
2003-05-08,2849.69,0
2003-05-09,2879.12,0
2003-05-12,2881.97,0
2003-05-13,2878.06,0
2003-05-14,2877.81,0
2003-05-15,2918.91,0
2003-05-16,2923.85,0
2003-05-19,2801.82,0
2003-05-20,2805.31,0
2003-05-21,2779.51,0
2003-05-22,2821.02,0
2003-05-23,2807.31,0
2003-05-26,2799.18,0
2003-05-27,2821.13,0
2003-05-28,2880.27,0
2003-05-29,2885.75,0
2003-05-30,2912.21,0
2003-06-02,2968.62,0
2003-06-03,2946.59,0
2003-06-04,2980.92,0
2003-06-05,2950.93,0
2003-06-06,3020.36,0
2003-06-09,2980.99,0
2003-06-10,3004.1,0
2003-06-11,3046.65,0
2003-06-12,3078.14,0
2003-06-13,3033.96,0
2003-06-16,3098.85,0
2003-06-17,3116.74,0
2003-06-18,3140.39,0
2003-06-19,3093.8,0
2003-06-20,3123.83,0
2003-06-23,3047.37,0
2003-06-24,3043.12,0
2003-06-25,3048.04,0
2003-06-26,3048.52,0
2003-06-27,3051.74,0
2003-06-30,3013.97,0
2003-07-01,2948.43,0
2003-07-02,3013.56,0
2003-07-03,3013.09,0
2003-07-04,3004.96,0
2003-07-07,3105.39,0
2003-07-08,3107.54,0
2003-07-09,3085.97,0
2003-07-10,3044.08,0
2003-07-11,3087.4,0
2003-07-14,3135.64,0
2003-07-15,3122.15,0
2003-07-16,3104.34,0
2003-07-17,3057.74,0
2003-07-18,3071,0
2003-07-21,3022.17,0
2003-07-22,3040.02,0
2003-07-23,3032.53,0
2003-07-24,3092.64,0
2003-07-25,3053.14,0
2003-07-28,3102.78,0
2003-07-29,3080.46,0
2003-07-30,3100,0
2003-07-31,3136.93,0
2003-08-01,3093.19,0
2003-08-04,3066,0
2003-08-05,3095.85,0
2003-08-06,3043.95,0
2003-08-07,3039.52,0
2003-08-08,3066.9,0
2003-08-11,3089.45,0
2003-08-12,3112.81,0
2003-08-13,3112.97,0
2003-08-14,3165.3,0
2003-08-15,3170.42,0
2003-08-18,3202.47,0
2003-08-19,3210.94,0
2003-08-20,3195.98,0
2003-08-21,3223.52,0
2003-08-22,3237.42,0
2003-08-25,3202.51,0
2003-08-26,3166.41,0
2003-08-27,3196.25,0
2003-08-28,3217.23,0
2003-08-29,3201.04,0
2003-09-01,3254,0
2003-09-02,3253.18,0
2003-09-03,3310.3,0
2003-09-04,3303.86,0
2003-09-05,3274.23,0
2003-09-08,3300.82,0
2003-09-09,3256.75,0
2003-09-10,3208.43,0
2003-09-11,3216.69,0
2003-09-12,3183.03,0
2003-09-15,3196.81,0
2003-09-16,3232.69,0
2003-09-17,3235.27,0
2003-09-18,3262.68,0
2003-09-19,3231.28,0
2003-09-22,3145.31,0
2003-09-23,3121.18,0
2003-09-24,3100.1,0
2003-09-25,3082.57,0
2003-09-26,3061.29,0
2003-09-29,3050.5,0
2003-09-30,2996.91,0
2003-10-01,3048.66,0
2003-10-02,3042.06,0
2003-10-03,3143.35,0
2003-10-06,3123.47,0
2003-10-07,3096.94,0
2003-10-08,3103.42,0
2003-10-09,3173.4,0
2003-10-10,3157.15,0
2003-10-13,3211.39,0
2003-10-14,3198.77,0
2003-10-15,3225.43,0
2003-10-16,3209.89,0
2003-10-17,3199.12,0
2003-10-20,3201.95,0
2003-10-21,3211.76,0
2003-10-22,3150.62,0
2003-10-23,3125.75,0
2003-10-24,3117.77,0
2003-10-27,3154.01,0
2003-10-28,3193.97,0
2003-10-29,3211.02,0
2003-10-30,3231.34,0
2003-10-31,3235.72,0
2003-11-03,3305.07,0
2003-11-04,3295.85,0
2003-11-05,3273.94,0
2003-11-06,3295.44,0
2003-11-07,3334.63,0
2003-11-10,3305.59,0
2003-11-11,3286.02,0
2003-11-12,3297.93,0
2003-11-13,3309.61,0
2003-11-14,3334.21,0
2003-11-17,3247.46,0
2003-11-18,3244.96,0
2003-11-19,3232.12,0
2003-11-20,3223.29,0
2003-11-21,3235.67,0
2003-11-24,3301.12,0
2003-11-25,3296.87,0
2003-11-26,3291.12,0
2003-11-27,3312.41,0
2003-11-28,3305.09,0
2003-12-01,3360.97,0
2003-12-02,3351.88,0
2003-12-03,3383.49,0
2003-12-04,3384.55,0
2003-12-05,3355.44,0
2003-12-08,3333.05,0
2003-12-09,3355.18,0
2003-12-10,3333.45,0
2003-12-11,3363.29,0
2003-12-12,3361.45,0
2003-12-15,3376.37,0
2003-12-16,3370.02,0
2003-12-17,3362.37,0
2003-12-18,3388.13,0
2003-12-19,3398.29,0
2003-12-22,3383.38,0
2003-12-23,3395.73,0
2003-12-24,3400.28,0
2003-12-29,3422.04,0
2003-12-30,3428.25,0
2003-12-31,3440.1,0
2004-01-02,3486.54,0
2004-01-05,3501.49,0
2004-01-06,3498.62,0
2004-01-07,3470.82,0
2004-01-08,3518.49,0
2004-01-09,3491.09,0
2004-01-12,3482.42,0
2004-01-13,3488.26,0
2004-01-14,3523.26,0
2004-01-15,3536.08,0
2004-01-16,3569.81,0
2004-01-19,3589.09,0
2004-01-20,3562.89,0
2004-01-21,3579.78,0
2004-01-22,3597.81,0
2004-01-23,3598.7,0
2004-01-26,3579.02,0
2004-01-27,3592.74,0
2004-01-28,3606.88,0
2004-01-29,3562.74,0
2004-01-30,3535.65,0
2004-02-02,3552.58,0
2004-02-03,3534.33,0
2004-02-04,3508.17,0
2004-02-05,3503.64,0
2004-02-06,3521.73,0
2004-02-09,3566.93,0
2004-02-10,3578.51,0
2004-02-11,3591.49,0
2004-02-12,3597.67,0
2004-02-13,3556.37,0
2004-02-16,3575.33,0
2004-02-17,3598.31,0
2004-02-18,3601.73,0
2004-02-19,3642.97,0
2004-02-20,3608.12,0
2004-02-23,3608.99,0
2004-02-24,3558.29,0
2004-02-25,3566.52,0
2004-02-26,3577.28,0
2004-02-27,3589.41,0
2004-03-01,3617.1,0
2004-03-02,3651.21,0
2004-03-03,3628.42,0
2004-03-04,3656.82,0
2004-03-05,3648.27,0
2004-03-08,3665.06,0
2004-03-09,3621.22,0
2004-03-10,3617.87,0
2004-03-11,3512.64,0
2004-03-12,3513.17,0
2004-03-15,3419.17,0
2004-03-16,3436.17,0
2004-03-17,3497.13,0
2004-03-18,3427.83,0
2004-03-19,3435.71,0
2004-03-22,3365.53,0
2004-03-23,3368.41,0
2004-03-24,3356.97,0
2004-03-25,3409.26,0
2004-03-26,3431.31,0
2004-03-29,3474.82,0
2004-03-30,3465.89,0
2004-03-31,3462.15,0
2004-04-01,3501.34,0
2004-04-02,3578.76,0
2004-04-05,3606.08,0
2004-04-06,3559.72,0
2004-04-07,3545.95,0
2004-04-08,3554.09,0
2004-04-13,3591.71,0
2004-04-14,3549.98,0
2004-04-15,3544.74,0
2004-04-16,3562.41,0
2004-04-19,3553.78,0
2004-04-20,3581.52,0
2004-04-21,3551.69,0
2004-04-22,3579.61,0
2004-04-23,3602.72,0
2004-04-26,3594.25,0
2004-04-27,3594.31,0
2004-04-28,3537.85,0
2004-04-29,3499.31,0
2004-04-30,3475.79,0
2004-05-03,3499.65,0
2004-05-04,3492.68,0
2004-05-05,3522.36,0
2004-05-06,3448.98,0
2004-05-07,3437.64,0
2004-05-10,3348.83,0
2004-05-11,3396.39,0
2004-05-12,3347.32,0
2004-05-13,3386.23,0
2004-05-14,3363.59,0
2004-05-17,3319.18,0
2004-05-18,3341.17,0
2004-05-19,3408.93,0
2004-05-20,3383.44,0
2004-05-21,3372.85,0
2004-05-24,3395.66,0
2004-05-25,3373.42,0
2004-05-26,3410.27,0
2004-05-27,3436.39,0
2004-05-28,3420.87,0
2004-05-31,3435.37,0
2004-06-01,3391.86,0
2004-06-02,3411.48,0
2004-06-03,3419.62,0
2004-06-04,3456.6,0
2004-06-07,3494.55,0
2004-06-08,3496.14,0
2004-06-09,3481.21,0
2004-06-10,3497.11,0
2004-06-11,3491.87,0
2004-06-14,3444.57,0
2004-06-15,3476.75,0
2004-06-16,3499.22,0
2004-06-17,3501.26,0
2004-06-18,3518.27,0
2004-06-21,3512.5,0
2004-06-22,3471.34,0
2004-06-23,3485.43,0
2004-06-24,3520.49,0
2004-06-25,3516.79,0
2004-06-28,3545.53,0
2004-06-29,3532.98,0
2004-06-30,3513.19,0
2004-07-01,3505.02,0
2004-07-02,3476.6,0
2009-08-06,3374.94,0
2009-08-07,3427.29,0
2009-08-10,3412.82,0
2009-08-11,3358.25,0
2009-08-12,3404.04,0
2009-08-13,3429.82,0
2009-08-14,3386.08,0
2009-08-17,3305.38,0
2009-08-18,3339.03,0
2009-08-19,3331.45,0
2009-08-20,3383.38,0
2009-08-21,3483.67,0
2009-08-24,3526.09,0
2009-08-25,3554.81,0
2009-08-26,3541.89,0
2009-08-27,3526.56,0
2009-08-28,3562.7,0
2009-08-31,3526.17,0
2009-09-01,3452.62,0
2009-09-02,3433.42,0
2009-09-03,3429.03,0
2009-09-04,3485.24,0
2009-09-07,3539.27,0
2009-09-08,3544.91,0
2009-09-09,3589.79,0
2009-09-10,3588.54,0
2009-09-11,3609.37,0
2009-09-14,3607.01,0
2009-09-15,3626.99,0
2009-09-16,3678.17,0
2009-09-17,3696.09,0
2009-09-18,3683.52,0
2009-09-21,3662.82,0
2009-09-22,3675.04,0
2009-09-23,3681.07,0
2009-09-24,3620.85,0
2009-09-25,3610.01,0
2009-09-28,3693.14,0
2009-09-29,3684.75,0
2009-09-30,3662.36,0
2009-10-01,3586.8,0
2009-10-02,3523.2,0
2009-10-05,3559.4,0
2009-10-06,3654.95,0
2009-10-07,3639.84,0
2009-10-08,3684.92,0
2009-10-09,3679.26,0
2009-10-12,3717.47,0
2009-10-13,3676.15,0
2009-10-14,3760.75,0
2009-10-15,3747.08,0
2009-10-16,3694.51,0
2009-10-19,3759.65,0
2009-10-20,3733.74,0
2009-10-21,3744.49,0
2009-10-22,3701.86,0
2009-10-23,3680.94,0
2009-10-26,3618.2,0
2009-10-27,3615.71,0
2009-10-28,3540.22,0
2009-10-29,3602.12,0
2009-10-30,3502,0
2009-11-02,3524.6,0
2009-11-03,3462.99,0
2009-11-04,3529.49,0
2009-11-05,3566.71,0
2009-11-06,3567.48,0
2009-11-09,3649.51,0
2009-11-10,3642.6,0
2009-11-11,3671.26,0
2009-11-12,3666.15,0
2009-11-13,3673.88,0
2009-11-16,3728.49,0
2009-11-17,3705.2,0
2009-11-18,3708.64,0
2009-11-19,3646.51,0
2009-11-20,3613.21,0
2009-11-23,3693.14,0
2009-11-24,3667.81,0
2009-11-25,3691.77,0
2009-11-26,3569.56,0
2009-11-27,3610.2,0
2009-11-30,3567.22,0
2009-12-01,3661.4,0
2009-12-02,3670.32,0
2009-12-03,3671.36,0
2009-12-04,3712.53,0
2009-12-07,3696.69,0
2009-12-08,3637.71,0
2009-12-09,3597.1,0
2009-12-10,3636.87,0
2009-12-11,3650.44,0
2009-12-14,3678.34,0
2009-12-15,3684,0
2009-12-16,3728.02,0
2009-12-17,3685.33,0
2009-12-18,3659.14,0
2009-12-21,3724.85,0
2009-12-22,3746.94,0
2009-12-23,3761.06,0
2009-12-24,3761.52,0
2009-12-28,3791.56,0
2009-12-29,3802.48,0
2009-12-30,3773.06,0
2009-12-31,3773.09,0
2010-01-04,3839.33,0
2010-01-05,3837.39,0
2010-01-06,3839.16,0
2010-01-07,3835.25,0
2010-01-08,3848.57,0
2010-01-11,3839.12,0
2010-01-12,3796.86,0
2010-01-13,3801.48,0
2010-01-14,3815.31,0
2010-01-15,3755.4,0
2010-01-18,3778.29,0
2010-01-19,3810.9,0
2010-01-20,3724.99,0
2010-01-21,3662.46,0
2010-01-22,3630.31,0
2010-01-25,3593.8,0
2010-01-26,3617.46,0
2010-01-27,3569.78,0
2010-01-28,3510.68,0
2010-01-29,3558.84,0
2010-02-01,3581.97,0
2010-02-02,3627.37,0
2010-02-03,3594.45,0
2010-02-04,3474.24,0
2010-02-05,3381.62,0
2010-02-08,3419.06,0
2010-02-09,3427.04,0
2010-02-10,3463.15,0
2010-02-11,3438.14,0
2010-02-12,3428.8,0
2010-02-15,3439.99,0
2010-02-16,3485.48,0
2010-02-17,3534.8,0
2010-02-18,3553.85,0
2010-02-19,3573.37,0
2010-02-22,3553.37,0
2010-02-23,3494.39,0
2010-02-24,3498.8,0
2010-02-25,3435.64,0
2010-02-26,3490.12,0
2010-03-01,3546.64,0
2010-03-02,3580.38,0
2010-03-03,3616.8,0
2010-03-04,3609.42,0
2010-03-05,3683.66,0
2010-03-08,3685,0
2010-03-09,3687.01,0
2010-03-10,3722.83,0
2010-03-11,3707.14,0
2010-03-12,3712.16,0
2010-03-15,3678.02,0
2010-03-16,3720.28,0
2010-03-17,3750.63,0
2010-03-18,3730.53,0
2010-03-19,3710.45,0
2010-03-22,3701.9,0
2010-03-23,3729.16,0
2010-03-24,3721.26,0
2010-03-25,3776.31,0
2010-03-26,3766.18,0
2010-03-29,3776.92,0
2010-03-30,3764.99,0
2010-03-31,3754.45,0
2010-04-01,3813.38,0
2010-04-06,3830.5,0
2010-04-07,3813.01,0
2010-04-08,3772.64,0
2010-04-09,3836.83,0
2010-04-12,3847.31,0
2010-04-13,3834.02,0
2010-04-14,3857.02,0
2010-04-15,3861.78,0
2010-04-16,3784.2,0
2010-04-19,3770.64,0
2010-04-20,3825,0
2010-04-21,3782.73,0
2010-04-22,3722.5,0
2010-04-23,3751.11,0
2010-04-26,3786.46,0
2010-04-27,3652.99,0
2010-04-28,3588.46,0
2010-04-29,3639.31,0
2010-04-30,3626.64,0
2010-05-03,3629.03,0
2010-05-04,3493.29,0
2010-05-05,3448.76,0
2010-05-06,3367.61,0
2010-05-07,3227.67,0
2010-05-10,3544.29,0
2010-05-11,3512.14,0
2010-05-12,3559.05,0
2010-05-13,3560.55,0
2010-05-14,3398.57,0
2010-05-17,3397.33,0
2010-05-18,3472.37,0
2010-05-19,3371.46,0
2010-05-20,3307.07,0
2010-05-21,3312.27,0
2010-05-24,3293.01,0
2010-05-25,3203.51,0
2010-05-26,3260.02,0
2010-05-27,3371.79,0
2010-05-28,3368.65,0
2010-05-31,3364.18,0
2010-06-01,3360.27,0
2010-06-02,3357.15,0
2010-06-03,3397.75,0
2010-06-04,3300.03,0
2010-06-07,3269.49,0
2010-06-08,3243.96,0
2010-06-09,3304.27,0
2010-06-10,3370.95,0
2010-06-11,3405.86,0
2010-06-14,3460.57,0
2010-06-15,3499.51,0
2010-06-16,3502.12,0
2010-06-17,3516.15,0
2010-06-18,3530.33,0
2010-06-21,3570.77,0
2010-06-22,3545.06,0
2010-06-23,3494.44,0
2010-06-24,3420.13,0
2010-06-25,3396.18,0
2010-06-28,3444.49,0
2010-06-29,3305.91,0
2010-06-30,3320.47,0
2010-07-01,3249.05,0
2010-07-02,3254.95,0
2010-07-05,3238.04,0
2010-07-06,3326.49,0
2010-07-07,3394.5,0
2010-07-08,3434.2,0
2010-07-09,3451.53,0
2010-07-12,3457.13,0
2010-07-13,3524.08,0
2010-07-14,3525.78,0
2010-07-15,3482.13,0
2010-07-16,3409.99,0
2010-07-19,3394.61,0
2010-07-20,3386.42,0
2010-07-21,3403.9,0
2010-07-22,3497.88,0
2010-07-23,3507.95,0
2010-07-26,3536.87,0
2010-07-27,3566.18,0
2010-07-28,3560.41,0
2010-07-29,3545.26,0
2010-07-30,3532.44,0
2010-08-02,3631.28,0
2010-08-03,3631.88,0
2010-08-04,3638.81,0
2010-08-05,3633.03,0
2010-08-06,3582.57,0
2010-08-09,3640.44,0
2010-08-10,3606.34,0
2010-08-11,3512.17,0
2010-08-12,3508.01,0
2010-08-13,3496.38,0
2010-08-16,3484.18,0
2010-08-17,3536.95,0
2010-08-18,3525.97,0
2010-08-19,3460.47,0
2010-08-20,3420.01,0
2010-08-23,3439.73,0
2010-08-24,3385.4,0
2010-08-25,3350.78,0
2010-08-26,3374.4,0
2010-08-27,3404.82,0
2010-08-30,3388.2,0
2010-08-31,3396.93,0
2010-09-01,3510.73,0
2010-09-02,3512.78,0
2010-09-03,3547.64,0
2010-09-06,3557.73,0
2010-09-07,3524.26,0
2010-09-08,3558.48,0
2010-09-09,3596.22,0
2010-09-10,3593.3,0
2010-09-13,3624.5,0
2010-09-14,3628.02,0
2010-09-15,3613.54,0
2010-09-16,3598.64,0
2010-09-17,3570.43,0
2010-09-20,3626.49,0
2010-09-21,3619.25,0
2010-09-22,3567.46,0
2010-09-23,3549.68,0
2010-09-24,3616.82,0
2010-09-27,3599.32,0
2010-09-28,3598.62,0
2010-09-29,3574.27,0
2010-09-30,3567.94,0
2010-10-01,3547.84,0
2010-10-04,3507.92,0
2010-10-05,3576.62,0
2010-10-06,3603.24,0
2010-10-07,3614.27,0
2010-10-08,3613.89,0
2010-10-11,3620.86,0
2010-10-12,3604.19,0
2010-10-13,3679.35,0
2010-10-14,3675.62,0
2010-10-15,3682.62,0
2010-10-18,3693.17,0
2010-10-19,3675.71,0
2010-10-20,3691.75,0
2010-10-21,3732.15,0
2010-10-22,3724.67,0
2010-10-25,3731.19,0
2010-10-26,3709.55,0
2010-10-27,3675.51,0
2010-10-28,3695.79,0
2010-10-29,3693.81,0
2010-11-01,3682.42,0
2010-11-02,3711.46,0
2010-11-03,3676.88,0
2010-11-04,3739.48,0
2010-11-05,3728.94,0
2010-11-08,3718.08,0
2010-11-09,3747.46,0
2010-11-10,3695.94,0
2010-11-11,3677.91,0
2010-11-12,3669.43,0
2010-11-15,3700.98,0
2010-11-16,3620.86,0
2010-11-17,3646.21,0
2010-11-18,3710.47,0
2010-11-19,3702.18,0
2010-11-22,3662.42,0
2010-11-23,3573.35,0
2010-11-24,3600.13,0
2010-11-25,3612.92,0
2010-11-26,3580.14,0
2010-11-29,3495.43,0
2010-11-30,3472.95,0
2010-12-01,3561.21,0
2010-12-02,3634.41,0
2010-12-03,3636.14,0
2010-12-06,3623.18,0
2010-12-07,3663.75,0
2010-12-08,3678.87,0
2010-12-09,3699.28,0
2010-12-10,3701.19,0
2010-12-13,3721.55,0
2010-12-14,3727.5,0
2010-12-15,3702.82,0
2010-12-16,3707.92,0
2010-12-17,3678.9,0
2010-12-20,3702,0
2010-12-21,3749.65,0
2010-12-22,3742.72,0
2010-12-23,3736.98,0
2010-12-24,3733.25,0
2010-12-27,3689.78,0
2010-12-28,3686.99,0
2010-12-29,3707.87,0
2010-12-30,3665.13,0
2010-12-31,3646.87,0
2011-01-03,3705.03,0
2011-01-04,3711.94,0
2011-01-05,3696.41,0
2011-01-06,3700.8,0
2011-01-07,3670.05,0
2011-01-10,3612.72,0
2011-01-11,3660.98,0
2011-01-12,3757.64,0
2011-01-13,3794.78,0
2011-01-14,3796.85,0
2011-01-17,3785.85,0
2011-01-18,3830.51,0
2011-01-19,3801.73,0
2011-01-20,3799.2,0
2011-01-21,3847.65,0
2011-01-24,3857.94,0
2011-01-25,3834.32,0
2011-01-26,3850.63,0
2011-01-27,3871.27,0
2011-01-28,3827.85,0
2011-01-31,3828.47,0
2011-02-01,3892.69,0
2011-02-02,3897.39,0
2011-02-03,3877.15,0
2011-02-04,3886.36,0
2011-02-07,3922.94,0
2011-02-08,3939.19,0
2011-02-09,3929.83,0
2011-02-10,3924.45,0
2011-02-11,3921.93,0
2011-02-14,3915.6,0
2011-02-15,3928.2,0
2011-02-16,3962.75,0
2011-02-17,3964.39,0
2011-02-18,3967.69,0
2011-02-21,3900.8,0
2011-02-22,3867.99,0
2011-02-23,3827.11,0
2011-02-24,3817.91,0
2011-02-25,3865.98,0
2011-02-28,3900.66,0
2011-03-01,3867.48,0
2011-03-02,3836.77,0
2011-03-03,3848.19,0
2011-03-04,3823.09,0
2011-03-07,3802.62,0
2011-03-08,3821.51,0
2011-03-09,3812.33,0
2011-03-10,3777.71,0
2011-03-11,3741.33,0
2011-03-14,3697.69,0
2011-03-15,3608.87,0
2011-03-16,3532.96,0
2011-03-17,3611.37,0
2011-03-18,3620.8,0
2011-03-21,3706.5,0
2011-03-22,3696.46,0
2011-03-23,3714.83,0
2011-03-24,3769.99,0
2011-03-25,3771.13,0
2011-03-28,3773.46,0
2011-03-29,3771.76,0
2011-03-30,3807.88,0
2011-03-31,3776.91,0
2011-04-01,3839.74,0
2011-04-04,3834.89,0
2011-04-05,3830.75,0
2011-04-06,3854.77,0
2011-04-07,3841.18,0
2011-04-08,3863.77,0
2011-04-11,3851.5,0
2011-04-12,3798.93,0
2011-04-13,3822.71,0
2011-04-14,3784.68,0
2011-04-15,3786.31,0
2011-04-18,3698.22,0
2011-04-19,3713.77,0
2011-04-20,3794.48,0
2011-04-21,3808.63,0
2011-04-26,3832.49,0
2011-04-27,3860.26,0
2011-04-28,3896.06,0
2011-04-29,3903.17,0
2011-05-02,3904.55,0
2011-05-03,3891.54,0
2011-05-04,3829.01,0
2011-05-05,3802.09,0
2011-05-06,3838.14,0
2011-05-09,3779.68,0
2011-05-10,3824.56,0
2011-05-11,3832.5,0
2011-05-12,3801.27,0
2011-05-13,3777.99,0
2011-05-16,3761.65,0
2011-05-17,3717.81,0
2011-05-18,3740.88,0
2011-05-19,3772.74,0
2011-05-20,3729.06,0
2011-05-23,3652.32,0
2011-05-24,3662.8,0
2011-05-25,3683.54,0
2011-05-26,3662.04,0
2011-05-27,3687.5,0
2011-05-30,3681.95,0
2011-05-31,3741.27,0
2011-06-01,3698.71,0
2011-06-02,3641.26,0
2011-06-03,3649.09,0
2011-06-06,3622.8,0
2011-06-07,3632.07,0
2011-06-08,3601.25,0
2011-06-09,3635.55,0
2011-06-10,3577.48,0
2011-06-13,3579.42,0
2011-06-14,3635.08,0
2011-06-15,3576.47,0
2011-06-16,3570.62,0
2011-06-17,3613.98,0
2011-06-20,3586.69,0
2011-06-21,3654.29,0
2011-06-22,3646.2,0
2011-06-23,3568.27,0
2011-06-24,3551,0
2011-06-27,3558.62,0
2011-06-28,3593.81,0
2011-06-29,3660.76,0
2011-06-30,3716.1,0
2011-07-01,3747.45,0
2011-07-04,3745.04,0
2011-07-05,3724.08,0
2011-07-06,3696.59,0
2011-07-07,3714.51,0
2011-07-08,3652.68,0
2011-07-11,3551.28,0
2011-07-12,3529.41,0
2011-07-13,3558.19,0
2011-07-14,3530.33,0
2011-07-15,3508.93,0
2011-07-18,3441.86,0
2011-07-19,3483.32,0
2011-07-20,3543.43,0
2011-07-21,3612.41,0
2011-07-22,3627.86,0
2011-07-25,3594.96,0
2011-07-26,3590.16,0
2011-07-27,3534.3,0
2011-07-28,3529.5,0
2011-07-29,3501.86,0
2011-08-01,3409.35,0
2011-08-02,3342.14,0
2011-08-03,3278.96,0
2011-08-04,3165.82,0
2011-08-05,3113.15,0
2011-08-08,2990.83,0
2011-08-09,3004.59,0
2011-08-10,2839.22,0
2011-08-11,2921.81,0
2011-08-12,3040.02,0
2011-08-15,3060.99,0
2011-08-16,3055.48,0
2011-08-17,3064.67,0
2011-08-18,2901.86,0
2011-08-19,2841.67,0
2011-08-22,2871.26,0
2011-08-23,2891.85,0
2011-08-24,2941.45,0
2011-08-25,2912.7,0
2011-08-26,2882.53,0
2011-08-29,2945.67,0
2011-08-30,2948.76,0
2011-08-31,3033.76,0
2011-09-01,3036.93,0
2011-09-02,2932.21,0
2011-09-05,2788.93,0
2011-09-06,2757.48,0
2011-09-07,2852.71,0
2011-09-08,2867.53,0
2011-09-09,2754.94,0
2011-09-12,2657.99,0
2011-09-13,2704.35,0
2011-09-14,2766.66,0
2011-09-15,2856.36,0
2011-09-16,2865.2,0
2011-09-19,2784.23,0
2011-09-20,2842.4,0
2011-09-21,2790.79,0
2011-09-22,2653.72,0
2011-09-23,2685.37,0
2011-09-26,2754.23,0
2011-09-27,2897.25,0
2011-09-28,2872.99,0
2011-09-29,2911.53,0
2011-09-30,2865.26,0
2011-10-03,2812.23,0
2011-10-04,2747.34,0
2011-10-05,2858.06,0
2011-10-06,2947.8,0
2011-10-07,2971.51,0
2011-10-10,3038.36,0
2011-10-11,3030.99,0
2011-10-12,3104.09,0
2011-10-13,3056.79,0
2011-10-14,3087.92,0
2011-10-17,3037.36,0
2011-10-18,3026.16,0
2011-10-19,3051.7,0
2011-10-20,2982.64,0
2011-10-21,3069.63,0
2011-10-24,3110.06,0
2011-10-25,3079.99,0
2011-10-26,3069.03,0
2011-10-27,3245.1,0
2011-10-28,3228.24,0
2011-10-31,3130.36,0
2011-11-01,2972.23,0
2011-11-02,3015.32,0
2011-11-03,3088.09,0
2011-11-04,3021.5,0
2011-11-07,3001.78,0
2011-11-08,3033.68,0
2011-11-09,2963.48,0
2011-11-10,2966,0
2011-11-11,3054.32,0
2011-11-14,3008.41,0
2011-11-15,2965.86,0
2011-11-16,2977.89,0
2011-11-17,2940.86,0
2011-11-18,2929.71,0
2011-11-21,2830.01,0
2011-11-22,2800.33,0
2011-11-23,2751.84,0
2011-11-24,2743.74,0
2011-11-25,2770.97,0
2011-11-28,2909.31,0
2011-11-29,2924.96,0
2011-11-30,3048.69,0
2011-12-01,3026.23,0
2011-12-02,3059.26,0
2011-12-05,3092.74,0
2011-12-06,3074.93,0
2011-12-07,3060.84,0
2011-12-08,2989.58,0
2011-12-09,3054.98,0
2011-12-12,2963.85,0
2011-12-13,2952.38,0
2011-12-14,2881.7,0
2011-12-15,2905.09,0
2011-12-16,2880.31,0
2011-12-19,2879.78,0
2011-12-20,2957.02,0
2011-12-21,2933.32,0
2011-12-22,2969.92,0
2011-12-23,2993.06,0
2011-12-27,2994.49,0
2011-12-28,2951.67,0
2011-12-29,2997.37,0
2011-12-30,3027.58,0
2012-01-02,3095.57,0
2012-01-03,3120.24,0
2012-01-04,3071.94,0
2012-01-05,3030.57,0
2012-01-06,3013.01,0
2012-01-09,3000.6,0
2012-01-10,3076.37,0
2012-01-11,3065.45,0
2012-01-12,3072.2,0
2012-01-13,3062.44,0
2012-01-16,3092.34,0
2012-01-17,3136.62,0
2012-01-18,3130.49,0
2012-01-19,3183.92,0
2012-01-20,3176.45,0
2012-01-23,3194.65,0
2012-01-24,3180.49,0
2012-01-25,3167.73,0
2012-01-26,3221.06,0
2012-01-27,3190.46,0
2012-01-30,3148.26,0
2012-01-31,3165.84,0
2012-02-01,3237.06,0
2012-02-02,3247.1,0
2012-02-03,3295.74,0
2012-02-06,3285.49,0
2012-02-07,3290.22,0
2012-02-08,3289.96,0
2012-02-09,3302.18,0
2012-02-10,3251.77,0
2012-02-13,3266.9,0
2012-02-14,3261.9,0
2012-02-15,3272.14,0
2012-02-16,3265.59,0
2012-02-17,3305.85,0
2012-02-20,3345.88,0
2012-02-21,3333.3,0
2012-02-22,3303.91,0
2012-02-23,3289.3,0
2012-02-24,3308.7,0
2012-02-27,3294.54,0
2012-02-28,3303.44,0
2012-02-29,3293.37,0
2012-03-01,3338.86,0
2012-03-02,3337.12,0
2012-03-05,3317.13,0
2012-03-06,3206.9,0
2012-03-07,3230.19,0
2012-03-08,3298.73,0
2012-03-09,3303.74,0
2012-03-12,3304.23,0
2012-03-13,3358.99,0
2012-03-14,3379.43,0
2012-03-15,3402.06,0
2012-03-16,3418.78,0
2012-03-19,3418.96,0
2012-03-20,3378.83,0
2012-03-21,3368.87,0
2012-03-22,3321.38,0
2012-03-23,3318.37,0
2012-03-26,3342.21,0
2012-03-27,3325.21,0
2012-03-28,3289.51,0
2012-03-29,3233.88,0
2012-03-30,3268.8,0
2012-04-02,3302.16,0
2012-04-03,3249.94,0
2012-04-04,3165.84,0
2012-04-05,3161.05,0
2012-04-10,3070.03,0
2012-04-11,3095.94,0
2012-04-12,3113.01,0
2012-04-13,3034.69,0
2012-04-16,3046.79,0
2012-04-17,3128.98,0
2012-04-18,3079.38,0
2012-04-19,3025.64,0
2012-04-20,3054.05,0
2012-04-23,2965.59,0
2012-04-24,3015.18,0
2012-04-25,3067.73,0
2012-04-26,3068.04,0
2012-04-27,3096.11,0
2012-04-30,3051.31,0
2012-05-02,3032.27,0
2012-05-03,3029.6,0
2012-05-04,2979.1,0
2012-05-07,3022.01,0
2012-05-08,2963.85,0
2012-05-09,2954.32,0
2012-05-10,2978.5,0
2012-05-11,2990.57,0
2012-05-14,2922.48,0
2012-05-15,2894.79,0
2012-05-16,2889.66,0
2012-05-17,2854.56,0
2012-05-18,2845.41,0
2012-05-21,2856.3,0
2012-05-22,2909.63,0
2012-05-23,2833.02,0
2012-05-24,2860.58,0
2012-05-25,2867.91,0
2012-05-28,2852.37,0
2012-05-29,2872.16,0
2012-05-30,2815.43,0
2012-05-31,2810.14,0
2012-06-01,2749.31,0
2012-06-04,2754.46,0
2012-06-05,2768.01,0
2012-06-06,2833.53,0
2012-06-07,2844.15,0
2012-06-08,2843.73,0
2012-06-11,2834.15,0
2012-06-12,2840.75,0
2012-06-13,2839.41,0
2012-06-14,2844.84,0
2012-06-15,2887.03,0
2012-06-18,2859.65,0
2012-06-19,2915.1,0
2012-06-20,2929.42,0
2012-06-21,2917.31,0
2012-06-22,2899.72,0
2012-06-25,2829.75,0
2012-06-26,2826.32,0
2012-06-27,2875.47,0
2012-06-28,2863.68,0
2012-06-29,2999.64,0
2012-07-02,3034.36,0
2012-07-03,3069.36,0
2012-07-04,3059.08,0
2012-07-05,3024.36,0
2012-07-06,2963.67,0
2012-07-09,2953.42,0
2012-07-10,2973.04,0
2012-07-11,2975.54,0
2012-07-12,2950.15,0
2012-07-13,2993.49,0
2012-07-16,2986.63,0
2012-07-17,2986.34,0
2012-07-18,3030.17,0
2012-07-19,3055.85,0
2012-07-20,2975.03,0
2012-07-23,2896.75,0
2012-07-24,2863.01,0
2012-07-25,2873.49,0
2012-07-26,2989.32,0
2012-07-27,3052.43,0
2012-07-30,3100.72,0
2012-07-31,3081.56,0
2012-08-01,3092.49,0
2012-08-02,3003.47,0
2012-08-03,3139.48,0
2012-08-06,3174.31,0
2012-08-07,3222.91,0
2012-08-08,3213.58,0
2012-08-09,3220.99,0
2012-08-10,3203.9,0
2012-08-13,3195.04,0
2012-08-14,3217.8,0
2012-08-15,3214,0
2012-08-16,3247.6,0
2012-08-17,3265.78,0
2012-08-20,3256.86,0
2012-08-21,3287.39,0
2012-08-22,3241.28,0
2012-08-23,3210.99,0
2012-08-24,3217.29,0
2012-08-27,3252.1,0
2012-08-28,3226.94,0
2012-08-29,3218.01,0
2012-08-30,3177.52,0
2012-08-31,3221.84,0
2012-09-03,3251.86,0
2012-09-04,3219.15,0
2012-09-05,3224.2,0
2012-09-06,3328.67,0
2012-09-07,3346.01,0
2012-09-10,3333.35,0
2012-09-11,3365.74,0
2012-09-12,3376.91,0
2012-09-13,3350.07,0
2012-09-14,3414.18,0
2012-09-17,3398.27,0
2012-09-18,3362.07,0
2012-09-19,3380.95,0
2012-09-20,3362.47,0
2012-09-21,3392.11,0
2012-09-24,3366.23,0
2012-09-25,3380.46,0
2012-09-26,3292.36,0
2012-09-27,3302.21,0
2012-09-28,3238.33,0
2012-10-01,3296.9,0
2012-10-02,3290.13,0
2012-10-03,3287.79,0
2012-10-04,3280.53,0
2012-10-05,3335.91,0
2012-10-08,3291.1,0
2012-10-09,3262.03,0
2012-10-10,3244.12,0
2012-10-11,3282.15,0
2012-10-12,3258.14,0
2012-10-15,3278.95,0
2012-10-16,3355.01,0
2012-10-17,3382.2,0
2012-10-18,3385.94,0
2012-10-19,3348.24,0
2012-10-22,3333.29,0
2012-10-23,3263.68,0
2012-10-24,3277.37,0
2012-10-25,3267.78,0
2012-10-26,3283.72,0
2012-10-29,3261.41,0
2012-10-30,3305.51,0
2012-10-31,3289.08,0
2012-11-01,3326.93,0
2012-11-02,3343.19,0
2012-11-05,3306.09,0
2012-11-06,3330.52,0
2012-11-07,3262.3,0
2012-11-08,3258.16,0
2012-11-09,3258.42,0
2012-11-12,3252.63,0
2012-11-13,3274.85,0
2012-11-14,3248.02,0
2012-11-15,3229.13,0
2012-11-16,3183.49,0
2012-11-19,3269.42,0
2012-11-20,3288.18,0
2012-11-21,3299.13,0
2012-11-22,3321.95,0
2012-11-23,3351.38,0
2012-11-26,3334.03,0
2012-11-27,3336.76,0
2012-11-28,3341.69,0
2012-11-29,3385.48,0
2012-11-30,3377.24,0
2012-12-03,3386.6,0
2012-12-04,3395.83,0
2012-12-05,3399.14,0
2012-12-06,3412.48,0
2012-12-07,3409.86,0
2012-12-10,3405.39,0
2012-12-11,3440.51,0
2012-12-12,3447.12,0
2012-12-13,3443.58,0
2012-12-14,3447.84,0
2012-12-17,3444.18,0
2012-12-18,3462.55,0
2012-12-19,3477.02,0
2012-12-20,3479.95,0
2012-12-21,3470.71,0
2012-12-24,3468.32,0
2012-12-27,3480.8,0
2012-12-28,3440.27,0
2012-12-31,3452.44,0
2013-01-02,3545.01,0
2013-01-03,3533.44,0
2013-01-04,3544.22,0
2013-01-07,3526.71,0
2013-01-08,3520.42,0
2013-01-09,3540.34,0
2013-01-10,3541.54,0
2013-01-11,3551.46,0
2013-01-14,3551.08,0
2013-01-15,3537.62,0
2013-01-16,3541.75,0
2013-01-17,3566.95,0
2013-01-18,3557.55,0
2013-01-21,3576.33,0
2013-01-22,3561.36,0
2013-01-23,3551.35,0
2013-01-24,3569.09,0
2013-01-25,3595.19,0
2013-01-28,3595.09,0
2013-01-29,3601.37,0
2013-01-30,3574.76,0
2013-01-31,3538.19,0
2013-02-01,3553.58,0
2013-02-04,3448.16,0
2013-02-05,3476.36,0
2013-02-06,3435.64,0
2013-02-07,3412.1,0
2013-02-08,3451.62,0
2013-02-11,3442.79,0
2013-02-12,3473.52,0
2013-02-13,3488.08,0
2013-02-14,3464.31,0
2013-02-15,3446.31,0
2013-02-18,3447.52,0
2013-02-19,3504.4,0
2013-02-20,3477.47,0
2013-02-21,3400.42,0
2013-02-22,3460.63,0
2013-02-25,3487.57,0
2013-02-26,3387.78,0
2013-02-27,3439.26,0
2013-02-28,3468,0
2013-03-01,3448.12,0
2013-03-04,3450.34,0
2013-03-05,3530.02,0
2013-03-06,3528.63,0
2013-03-07,3544.13,0
2013-03-08,3593.39,0
2013-03-11,3583.36,0
2013-03-12,3578.84,0
2013-03-13,3569.45,0
2013-03-14,3618.76,0
2013-03-15,3597.18,0
2013-03-18,3576.31,0
2013-03-19,3535.22,0
2013-03-20,3578.9,0
2013-03-21,3545.08,0
2013-03-22,3541.51,0
2013-03-25,3502.18,0
2013-03-26,3497.29,0
2013-03-27,3460.51,0
2013-03-28,3473.67,0
2013-04-02,3542.3,0
2013-04-03,3493.64,0
2013-04-04,3468.97,0
2013-04-05,3417.9,0
2013-04-08,3421.59,0
2013-04-09,3426.63,0
2013-04-10,3508.22,0
2013-04-11,3527.05,0
2013-04-12,3475.92,0
2013-04-15,3461.81,0
2013-04-16,3441.12,0
2013-04-17,3370.66,0
2013-04-18,3367.18,0
2013-04-19,3389.89,0
2013-04-22,3399.52,0
2013-04-23,3500.91,0
2013-04-24,3545.59,0
2013-04-25,3552.65,0
2013-04-26,3524.1,0
2013-04-29,3564.5,0
2013-04-30,3558.88,0
2013-05-02,3568.1,0
2013-05-03,3625.03,0
2013-05-06,3614.36,0
2013-05-07,3634.11,0
2013-05-08,3656.33,0
2013-05-09,3644.47,0
2013-05-10,3660.84,0
2013-05-13,3652.92,0
2013-05-14,3676.29,0
2013-05-15,3697.24,0
2013-05-16,3693.29,0
2013-05-17,3705.54,0
2013-05-20,3715.95,0
2013-05-21,3716.03,0
2013-05-22,3734.79,0
2013-05-23,3656.72,0
2013-05-24,3640.1,0
2013-05-27,3676.56,0
2013-05-28,3727.67,0
2013-05-29,3665.38,0
2013-05-30,3680.08,0
2013-05-31,3642.2,0
2013-06-03,3614.25,0
2013-06-04,3622.07,0
2013-06-05,3562.62,0
2013-06-06,3522.75,0
2013-06-07,3581.09,0
2013-06-10,3578.81,0
2013-06-11,3531.25,0
2013-06-12,3509.94,0
2013-06-13,3502.19,0
2013-06-14,3511.92,0
2013-06-17,3551.39,0
2013-06-18,3551.26,0
2013-06-19,3531.29,0
2013-06-20,3408.54,0
2013-06-21,3362.6,0
2013-06-24,3312.29,0
2013-06-25,3354.48,0
2013-06-26,3423.55,0
2013-06-27,3446.07,0
2013-06-28,3425.01,0
2013-07-01,3453.75,0
2013-07-02,3429.94,0
2013-07-03,3390.57,0
2013-07-04,3486.53,0
2013-07-05,3422.6,0
2013-07-08,3490.85,0
2013-07-09,3515.21,0
2013-07-10,3511.47,0
2013-07-11,3538.97,0
2013-07-12,3529.43,0
2013-07-15,3543.55,0
2013-07-16,3516.9,0
2013-07-17,3538.47,0
2013-07-18,3580.45,0
2013-07-19,3579.49,0
2013-07-22,3588.33,0
2013-07-23,3584.77,0
2013-07-24,3621.47,0
2013-07-25,3607.82,0
2013-07-26,3606.18,0
2013-07-29,3606.8,0
2013-07-30,3626.47,0
2013-07-31,3633.24,0
2013-08-01,3687.42,0
2013-08-02,3690.61,0
2013-08-05,3688.98,0
2013-08-06,3665.28,0
2013-08-07,3666.24,0
2013-08-08,3696.08,0
2013-08-09,3710.14,0
2013-08-12,3712.31,0
2013-08-13,3731.38,0
2013-08-14,3745.12,0
2013-08-15,3722.65,0
2013-08-16,3744.19,0
2013-08-19,3708.61,0
2013-08-20,3664.61,0
2013-08-21,3649.59,0
2013-08-22,3699.8,0
2013-08-23,3715.99,0
2013-08-26,3710.8,0
2013-08-27,3619.35,0
2013-08-28,3605.4,0
2013-08-29,3625.44,0
2013-08-30,3578.85,0
2013-09-02,3645.61,0
2013-09-03,3628.84,0
2013-09-04,3635.21,0
2013-09-05,3657.25,0
2013-09-06,3689.21,0
2013-09-09,3685.69,0
2013-09-10,3755.31,0
2013-09-11,3771.24,0
2013-09-12,3770.26,0
2013-09-13,3777.57,0
2013-09-16,3812.12,0
2013-09-17,3807.64,0
2013-09-18,3832.01,0
2013-09-19,3864.22,0
2013-09-20,3855.26,0
2013-09-23,3829.17,0
2013-09-24,3847.27,0
2013-09-25,3850.13,0
2013-09-26,3846.31,0
2013-09-27,3841.12,0
2013-09-30,3809.4,0
2013-10-01,3859.61,0
2013-10-02,3837.79,0
2013-10-03,3818.43,0
2013-10-04,3849.15,0
2013-10-07,3842.41,0
2013-10-08,3817.07,0
2013-10-09,3814.07,0
2013-10-10,3895.67,0
2013-10-11,3905.6,0
2013-10-14,3909.61,0
2013-10-15,3946.35,0
2013-10-16,3960.11,0
2013-10-17,3956.74,0
2013-10-18,3990.92,0
2013-10-21,3987.95,0
2013-10-22,4008.6,0
2013-10-23,3972.99,0
2013-10-24,3996.37,0
2013-10-25,3986.81,0
2013-10-28,3970.38,0
2013-10-29,4004.48,0
2013-10-30,3996.23,0
2013-10-31,4026.39,0
2013-11-01,4006.96,0
2013-11-04,4021.1,0
2013-11-05,3992.22,0
2013-11-06,4017.82,0
2013-11-07,4008.29,0
2013-11-08,4000.16,0
2013-11-11,4022.79,0
2013-11-12,3999.82,0
2013-11-13,3983.54,0
2013-11-14,4021.98,0
2013-11-15,4024.75,0
2013-11-18,4058.56,0
2013-11-19,4020.76,0
2013-11-20,4019.81,0
2013-11-21,4015.4,0
2013-11-22,4030.97,0
2013-11-25,4054.34,0
2013-11-26,4040.34,0
2013-11-27,4064.37,0
2013-11-28,4076.19,0
2013-11-29,4071.68,0
2013-12-02,4058.2,0
2013-12-03,3976.25,0
2013-12-04,3949.65,0
2013-12-05,3904.7,0
2013-12-06,3936.41,0
2013-12-09,3948.16,0
2013-12-10,3914.06,0
2013-12-11,3896.57,0
2013-12-12,3868.73,0
2013-12-13,3860,0
2013-12-16,3927.76,0
2013-12-17,3882.64,0
2013-12-18,3925.75,0
2013-12-19,3994.76,0
2013-12-20,4018.35,0
2013-12-23,4047.55,0
2013-12-24,4051.81,0
2013-12-27,4101.4,0
2013-12-30,4089.95,0
2013-12-31,4099.73,0
2014-01-02,4038.11,0
2014-01-03,4056.88,0
2014-01-06,4049.95,0
2014-01-07,4098.79,0
2014-01-08,4099.96,0
2014-01-09,4073.06,0
2014-01-10,4091.96,0
2014-01-13,4104.19,0
2014-01-14,4112.42,0
2014-01-15,4173.15,0
2014-01-16,4156.55,0
2014-01-17,4163.15,0
2014-01-20,4159.91,0
2014-01-21,4158.76,0
2014-01-22,4156.43,0
2014-01-23,4111.76,0
2014-01-24,3998.06,0
2014-01-27,3977.89,0
2014-01-28,4008,0
2014-01-29,3975.59,0
2014-01-30,3991.27,0
2014-01-31,3972.11,0
2014-02-03,3911.2,0
2014-02-04,3908.54,0
2014-02-05,3907.96,0
2014-02-06,3974.87,0
2014-02-07,4007.85,0
2014-02-10,4004.42,0
2014-02-11,4062.74,0
2014-02-12,4086.82,0
2014-02-13,4094.85,0
2014-02-14,4121,0
2014-02-17,4123.09,0
2014-02-18,4119.85,0
2014-02-19,4124.9,0
2014-02-20,4122.8,0
2014-02-21,4136.56,0
2014-02-24,4167.01,0
2014-02-25,4163.41,0
2014-02-26,4149.42,0
2014-02-27,4132.25,0
2014-02-28,4151.53,0
2014-03-03,4027.27,0
2014-03-04,4132.91,0
2014-03-05,4131.81,0
2014-03-06,4145.03,0
2014-03-07,4083.19,0
2014-03-10,4074.71,0
2014-03-11,4074.37,0
2014-03-12,4034.28,0
2014-03-13,3975.79,0
2014-03-14,3959.36,0
2014-03-17,4013.59,0
2014-03-18,4047.27,0
2014-03-19,4049.42,0
2014-03-20,4062.49,0
2014-03-21,4070.75,0
2014-03-24,4016.05,0
2014-03-25,4073.15,0
2014-03-26,4119.12,0
2014-03-27,4122.98,0
2014-03-28,4172.35,0
2014-03-31,4162.63,0
2014-04-01,4195.32,0
2014-04-02,4197.75,0
2014-04-03,4218.61,0
2014-04-04,4248.75,0
2014-04-07,4192.14,0
2014-04-08,4181.27,0
2014-04-09,4188.81,0
2014-04-10,4152.42,0
2014-04-11,4102.29,0
2014-04-14,4118.33,0
2014-04-15,4065.36,0
2014-04-16,4127.63,0
2014-04-17,4147.87,0
2014-04-22,4206.28,0
2014-04-23,4178.98,0
2014-04-24,4192.85,0
2014-04-25,4138.65,0
2014-04-28,4158.01,0
2014-04-29,4212.41,0
2014-04-30,4202.11,0
2014-05-02,4177.12,0
2014-05-05,4166.71,0
2014-05-06,4138.3,0
2014-05-07,4154.8,0
2014-05-08,4208.81,0
2014-05-09,4184.37,0
2014-05-12,4213.69,0
2014-05-13,4223.89,0
2014-05-14,4223.27,0
2014-05-15,4167.58,0
2014-05-16,4174.14,0
2014-05-19,4172.46,0
2014-05-20,4166.6,0
2014-05-21,4192.41,0
2014-05-22,4196.61,0
2014-05-23,4214.53,0
2014-05-26,4261.48,0
2014-05-27,4266.45,0
2014-05-28,4268.26,0
2014-05-29,4266.09,0
2014-05-30,4267.08,0
2014-06-02,4271.7,0
2014-06-03,4260.47,0
2014-06-04,4259.18,0
2014-06-05,4293.76,0
2014-06-06,4327.25,0
2014-06-09,4340.62,0
2014-06-10,4350.08,0
2014-06-11,4322.62,0
2014-06-12,4319.02,0
2014-06-13,4314.12,0
2014-06-16,4287.65,0
2014-06-17,4306.38,0
2014-06-18,4310.91,0
2014-06-19,4348.84,0
2014-06-20,4334.64,0
2014-06-23,4308.43,0
2014-06-24,4309.51,0
2014-06-25,4267.6,0
2014-06-26,4246.01,0
2014-06-27,4242.7,0
2014-06-30,4242.15,0
2014-07-01,4278.87,0
2014-07-02,4274.7,0
2014-07-03,4322.84,0
2014-07-04,4300.46,0
2014-07-07,4250.29,0
2014-07-08,4189.84,0
2014-07-09,4210.16,0
2014-07-10,4146.43,0
2014-07-11,4153.66,0
2014-07-14,4192.06,0
2014-07-15,4152.23,0
2014-07-16,4217.05,0
2014-07-17,4162.8,0
2014-07-18,4169.02,0
2014-07-21,4133.92,0
2014-07-22,4195.61,0
2014-07-23,4201.64,0
2014-07-24,4239.83,0
2014-07-25,4182.23,0
2014-07-28,4177.54,0
2014-07-29,4200.97,0
2014-07-30,4174.61,0
2014-07-31,4103.96,0
2014-08-01,4043.84,0
2014-08-04,4040.65,0
2014-08-05,4044.93,0
2014-08-06,4015.92,0
2014-08-07,3968.96,0
2014-08-08,3958.63,0
2014-08-11,4013.58,0
2014-08-12,3984.1,0
2014-08-13,4022.83,0
2014-08-14,4027.26,0
2014-08-15,3994.82,0
2014-08-18,4048.62,0
2014-08-19,4074.62,0
2014-08-20,4069.71,0
2014-08-21,4117.16,0
2014-08-22,4085.29,0
2014-08-25,4165.06,0
2014-08-26,4205.69,0
2014-08-27,4203.9,0
2014-08-28,4164.53,0
2014-08-29,4176.29,0
2014-09-01,4177.62,0
2014-09-02,4186.41,0
2014-09-03,4234.99,0
2014-09-04,4304.51,0
2014-09-05,4302.98,0
2014-09-08,4296.86,0
2014-09-09,4271.27,0
2014-09-10,4269.41,0
2014-09-11,4260.11,0
2014-09-12,4253.65,0
2014-09-15,4253.16,0
2014-09-16,4239.78,0
2014-09-17,4260.01,0
2014-09-18,4303.7,0
2014-09-19,4308.76,0
2014-09-22,4285.55,0
2014-09-23,4220.55,0
2014-09-24,4265.8,0
2014-09-25,4211.9,0
2014-09-26,4231.77,0
2014-09-29,4192.63,0
2014-09-30,4237.94,0
2014-10-01,4195.88,0
2014-10-02,4085.63,0
2014-10-03,4117.99,0
2014-10-06,4125.74,0
2014-10-07,4056.59,0
2014-10-08,4021.41,0
2014-10-09,4009.11,0
2014-10-10,3942.07,0
2014-10-13,3947.86,0
2014-10-14,3952.16,0
2014-10-15,3815.47,0
2014-10-16,3794.01,0
2014-10-17,3908.35,0
2014-10-20,3866.65,0
2014-10-21,3950.84,0
2014-10-22,3972.56,0
2014-10-23,4016.59,0
2014-10-24,3998.17,0
2014-10-27,3961.85,0
2014-10-28,4014.1,0
2014-10-29,4002.38,0
2014-10-30,4019.44,0
2014-10-31,4113.8,0
2014-11-03,4076.3,0
2014-11-04,4017.58,0
2014-11-05,4089.18,0
2014-11-06,4102.32,0
2014-11-07,4057.22,0
2014-11-10,4092.87,0
2014-11-11,4108.55,0
2014-11-12,4038.34,0
2014-11-13,4051.95,0
2014-11-14,4056.78,0
2014-11-17,4085.1,0
2014-11-18,4130.11,0
2014-11-19,4131.78,0
2014-11-20,4108.52,0
2014-11-21,4221.68,0
2014-11-24,4245.45,0
2014-11-25,4266.54,0
2014-11-26,4267.17,0
2014-11-27,4293.01,0
2014-11-28,4302.01,0
2014-12-01,4280.87,0
2014-12-02,4287.34,0
2014-12-03,4300.28,0
2014-12-04,4232.83,0
2014-12-05,4339.05,0
2014-12-08,4302.57,0
2014-12-09,4194.13,0
2014-12-10,4179.32,0
2014-12-11,4188.62,0
2014-12-12,4070.01,0
2014-12-15,3963.11,0
2014-12-16,4047.48,0
2014-12-17,4046.88,0
2014-12-18,4176.22,0
2014-12-19,4165.47,0
2014-12-22,4185.37,0
2014-12-23,4231.19,0
2014-12-24,4222.28,0
2014-12-29,4224.36,0
2014-12-30,4163.6,0
2014-12-31,4177.94,0
2015-01-02,4164.67,0
2015-01-05,4023.99,0
2015-01-06,4006.22,0
2015-01-07,4028.87,0
2015-01-08,4168.46,0
2015-01-09,4059.22,0
2015-01-12,4110.86,0
2015-01-13,4177.32,0
2015-01-14,4118.62,0
2015-01-15,4205.96,0
2015-01-16,4265.24,0
2015-01-19,4294.5,0
2015-01-20,4323.77,0
2015-01-21,4356.34,0
2015-01-22,4424.22,0
2015-01-23,4506.98,0
2015-01-26,4548.67,0
2015-01-27,4494.22,0
2015-01-28,4484.22,0
2015-01-29,4499.35,0
2015-01-30,4475.13,0
2015-02-02,4497.6,0
2015-02-03,4550.16,0
2015-02-04,4555.6,0
2015-02-05,4550.17,0
2015-02-06,4534.67,0
2015-02-09,4470.3,0
2015-02-10,4514.48,0
2015-02-11,4504.58,0
2015-02-12,4561.09,0
2015-02-13,4596.96,0
2015-02-16,4579.39,0
2015-02-17,4585.57,0
2015-02-18,4622.47,0
2015-02-19,4651.92,0
2015-02-20,4657.46,0
2015-02-23,4695.71,0
2015-02-24,4727.93,0
2015-02-25,4721.6,0
2015-02-26,4765.73,0
2015-02-27,4796.04,0
2015-03-02,4788.33,0
2015-03-03,4734.46,0
2015-03-04,4776.77,0
2015-03-05,4823.58,0
2015-03-06,4829.87,0
2015-03-09,4821.11,0
2015-03-10,4768.89,0
2015-03-11,4879.11,0
2015-03-12,4870.83,0
2015-03-13,4891.87,0
2015-03-16,4960.32,0
2015-03-17,4911.84,0
2015-03-18,4905.45,0
2015-03-19,4906.54,0
2015-03-20,4972.44,0
2015-03-23,4935.87,0
2015-03-24,4976.98,0
2015-03-25,4914.6,0
2015-03-26,4897,0
2015-03-27,4908.33,0
2015-03-30,4975.66,0
2015-03-31,4933.46,0
2015-04-01,4954.95,0
2015-04-02,4957.04,0
2015-04-07,5026.02,0
2015-04-08,4994.95,0
2015-04-09,5048.67,0
2015-04-10,5097.46,0
2015-04-13,5109.5,0
2015-04-14,5055.14,0
2015-04-15,5078.92,0
2015-04-16,5012.45,0
2015-04-17,4905.79,0
2015-04-20,4962.43,0
2015-04-21,4971.63,0
2015-04-22,4968.57,0
2015-04-23,4933.4,0
2015-04-24,4956.74,0
2015-04-27,5029.18,0
2015-04-28,4951.38,0
2015-04-29,4818,0
2015-04-30,4819.74,0
2015-05-04,4848.73,0
2015-05-05,4734.71,0
2015-05-06,4744.86,0
2015-05-07,4746.92,0
2015-05-08,4866.77,0
2015-05-11,4840.01,0
2015-05-12,4774.97,0
2015-05-13,4748.09,0
2015-05-14,4811.88,0
2015-05-15,4776.48,0
2015-05-18,4799.22,0
2015-05-19,4905.25,0
2015-05-20,4920.42,0
2015-05-21,4926.61,0
2015-05-22,4913.34,0
2015-05-25,4886.31,0
2015-05-26,4838.15,0
2015-05-27,4919.15,0
2015-05-28,4879.53,0
2015-05-29,4774.98,0
2015-06-01,4782.29,0
2015-06-02,4760.21,0
2015-06-03,4790.42,0
2015-06-04,4752.6,0
2015-06-05,4689.63,0
2015-06-08,4636.1,0
2015-06-09,4621.89,0
2015-06-10,4713.88,0
2015-06-11,4744.8,0
2015-06-12,4680.84,0
2015-06-15,4597.99,0
2015-06-16,4619.87,0
2015-06-17,4586.22,0
2015-06-18,4617.36,0
2015-06-19,4623.36,0
2015-06-22,4798.87,0
2015-06-23,4838.81,0
2015-06-24,4818.68,0
2015-06-25,4816.59,0
2015-06-26,4831.03,0
2015-06-29,4638.1,0
2015-06-30,4578.93,0
2015-07-01,4674.32,0
2015-07-02,4631.15,0
2015-07-03,4604.55,0
2015-07-06,4510.3,0
2015-07-07,4416.51,0
2015-07-08,4457.09,0
2015-07-09,4576.06,0
2015-07-10,4715.99,0
2015-07-13,4796.75,0
2015-07-14,4819.13,0
2015-07-15,4838.81,0
2015-07-16,4909.43,0
2015-07-17,4902.12,0
2015-07-20,4926.77,0
2015-07-21,4877.42,0
2015-07-22,4858.14,0
2015-07-23,4854.95,0
2015-07-24,4808.59,0
2015-07-27,4693.58,0
2015-07-28,4745.75,0
2015-07-29,4770.02,0
2015-07-30,4784.43,0
2015-07-31,4806.29,0
2015-08-03,4855.63,0
2015-08-04,4840.5,0
2015-08-05,4911.71,0
2015-08-06,4900.52,0
2015-08-07,4860.28,0
2015-08-10,4906.53,0
2015-08-11,4810.56,0
2015-08-12,4651.73,0
2015-08-13,4694.19,0
2015-08-14,4667.49,0
2015-08-17,4672.9,0
2015-08-18,4671.53,0
2015-08-19,4583.99,0
2015-08-20,4481.27,0
2015-08-21,4342.24,0
2015-08-24,4114.4,0
2015-08-25,4301.34,0
2015-08-26,4241.02,0
2015-08-27,4383.15,0
2015-08-28,4388.77,0
2015-08-31,4368.4,0
2015-09-01,4261.37,0
2015-09-02,4274.1,0
2015-09-03,4371.04,0
2015-09-04,4251.33,0
2015-09-07,4275.37,0
2015-09-08,4323.93,0
2015-09-09,4371.91,0
2015-09-10,4308.63,0
2015-09-11,4264.85,0
2015-09-14,4247.06,0
2015-09-15,4287.07,0
2015-09-16,4345.94,0
2015-09-17,4352.65,0
2015-09-18,4230.24,0
2015-09-21,4264.77,0
2015-09-22,4121.03,0
2015-09-23,4124.97,0
2015-09-24,4043.8,0
2015-09-25,4167.78,0
2015-09-28,4072.07,0
2015-09-29,4059.47,0
2015-09-30,4154.27,0
2015-10-01,4115.15,0
2015-10-02,4141.84,0
2015-10-05,4276.46,0
2015-10-06,4316.19,0
2015-10-07,4326.83,0
2015-10-08,4328.24,0
2015-10-09,4359.52,0
2015-10-12,4355.43,0
2015-10-13,4319.15,0
2015-10-14,4278.2,0
2015-10-15,4340.11,0
2015-10-16,4369.59,0
2015-10-19,4381.7,0
2015-10-20,4359.71,0
2015-10-21,4380.52,0
2015-10-22,4486.7,0
2015-10-23,4586.9,0
2015-10-26,4574.24,0
2015-10-27,4529.63,0
2015-10-28,4585.52,0
2015-10-29,4578.67,0
2015-10-30,4585.16,0
2015-11-02,4610.31,0
2015-11-03,4620.19,0
2015-11-04,4614.66,0
2015-11-05,4627.1,0
2015-11-06,4654.79,0
2015-11-09,4586.66,0
2015-11-10,4595.7,0
2015-11-11,4630.77,0
2015-11-12,4550.1,0
2015-11-13,4514,0
2015-11-16,4517.54,0
2015-11-17,4634.04,0
2015-11-18,4609.4,0
2015-11-19,4635.6,0
2015-11-20,4640.94,0
2015-11-23,4630.56,0
2015-11-24,4577.61,0
2015-11-25,4648.5,0
2015-11-26,4697.57,0
2015-11-27,4686.68,0
2015-11-30,4708.2,0
2015-12-01,4669.03,0
2015-12-02,4653.9,0
2015-12-03,4493.72,0
2015-12-04,4479.62,0
2015-12-07,4518.63,0
2015-12-08,4436.11,0
2015-12-09,4406.01,0
2015-12-10,4398.03,0
2015-12-11,4306.58,0
2015-12-14,4222.87,0
2015-12-15,4356.53,0
2015-12-16,4365.52,0
2015-12-17,4445.33,0
2015-12-18,4386.35,0
2015-12-21,4323.01,0
2015-12-22,4326.71,0
2015-12-23,4426.55,0
2015-12-24,4425.11,0
2015-12-28,4388.18,0
2015-12-29,4465.08,0
2015-12-30,4430.98,0
2015-12-31,4404.07,0
2016-01-04,4266.3,0
2016-01-05,4284.08,0
2016-01-06,4231.81,0
2016-01-07,4155.98,0
2016-01-08,4091.43,0
2016-01-11,4084.78,0
2016-01-12,4135.36,0
2016-01-13,4146.46,0
2016-01-14,4077.87,0
2016-01-15,3981.96,0
2016-01-18,3959.87,0
2016-01-19,4021.91,0
2016-01-20,3892.74,0
2016-01-21,3976.39,0
2016-01-22,4080.34,0
2016-01-25,4053.5,0
2016-01-26,4096.68,0
2016-01-27,4111.79,0
2016-01-28,4030.57,0
2016-01-29,4119.81,0
2016-02-01,4090.35,0
2016-02-02,3999.95,0
2016-02-03,3929.48,0
2016-02-04,3935.23,0
2016-02-05,3899.73,0
2016-02-08,3768.96,0
2016-02-09,3706.26,0
2016-02-10,3772.63,0
2016-02-11,3626.9,0
2016-02-12,3723.26,0
2016-02-15,3830.65,0
2016-02-16,3812.89,0
2016-02-17,3917.8,0
2016-02-18,3917.32,0
2016-02-19,3888.28,0
2016-02-22,3971.87,0
2016-02-23,3912.67,0
2016-02-24,3821.62,0
2016-02-25,3896.42,0
2016-02-26,3964.4,0
2016-02-29,3984.25,0
2016-03-01,4058.26,0
2016-03-02,4086.89,0
2016-03-03,4076.91,0
2016-03-04,4108.46,0
2016-03-07,4087.77,0
2016-03-08,4058.2,0
2016-03-09,4077.83,0
2016-03-10,4014.15,0
2016-03-11,4149.38,0
2016-03-14,4179.24,0
2016-03-15,4145.04,0
2016-03-16,4141.25,0
2016-03-17,4116.89,0
2016-03-18,4139.64,0
2016-03-21,4126.5,0
2016-03-22,4129.73,0
2016-03-23,4122.41,0
2016-03-24,4047.86,0
2016-03-29,4071.25,0
2016-03-30,4127.47,0
2016-03-31,4075.14,0
2016-04-01,4009.27,0
2016-04-04,4022.2,0
2016-04-05,3927.03,0
2016-04-06,3950.46,0
2016-04-07,3900.79,0
2016-04-08,3954.98,0
2016-04-11,3973.4,0
2016-04-12,3998.48,0
2016-04-13,4124.8,0
2016-04-14,4153,0
2016-04-15,4143.47,0
2016-04-18,4158.73,0
2016-04-19,4228.65,0
2016-04-20,4264.24,0
2016-04-21,4267.35,0
2016-04-22,4250.58,0
2016-04-25,4216.08,0
2016-04-26,4219.68,0
2016-04-27,4234.07,0
2016-04-28,4230.16,0
2016-04-29,4107.76,0
2016-05-02,4114.47,0
2016-05-03,4035.55,0
2016-05-04,3992.05,0
2016-05-05,3995.71,0
2016-05-06,3992.71,0
2016-05-09,4015.09,0
2016-05-10,4047.02,0
2016-05-11,4017.79,0
2016-05-12,3990.15,0
2016-05-13,4014.82,0
2016-05-16,4008.88,0
2016-05-17,3988.29,0
2016-05-18,4011.45,0
2016-05-19,3963.13,0
2016-05-20,4021.06,0
2016-05-23,3985.54,0
2016-05-24,4084.19,0
2016-05-25,4148.9,0
2016-05-26,4168.56,0
2016-05-27,4175.57,0
2016-05-30,4191.17,0
2016-05-31,4157.45,0
2016-06-01,4128.19,0
2016-06-02,4125.85,0
2016-06-03,4079.64,0
2016-06-06,4088.01,0
2016-06-07,4140.07,0
2016-06-08,4112.28,0
2016-06-09,4069.39,0
2016-06-10,3965.66,0
2016-06-13,3886.66,0
2016-06-14,3813.14,0
2016-06-15,3853.9,0
2016-06-16,3835.16,0
2016-06-17,3876.57,0
2016-06-20,4005.04,0
2016-06-21,4034.45,0
2016-06-22,4049.39,0
2016-06-23,4129.04,0
2016-06-24,3793.7,0
2016-06-27,3679.63,0
2016-06-28,3762.28,0
2016-06-29,3859.27,0
2016-06-30,3902.52,0
2016-07-01,3934.18,0
2016-07-04,3903.78,0
2016-07-05,3835.86,0
2016-07-06,3767.97,0
2016-07-07,3793.26,0
2016-07-08,3871.9,0
2016-07-11,3936.52,0
2016-07-12,3999.45,0
2016-07-13,3989.79,0
2016-07-14,4037.12,0
2016-07-15,4030.08,0
2016-07-18,4022.36,0
2016-07-19,3997.15,0
2016-07-20,4046.15,0
2016-07-21,4048.34,0
2016-07-22,4052.95,0
2016-07-25,4057.69,0
2016-07-26,4065.38,0
2016-07-27,4093.07,0
2016-07-28,4051.97,0
2016-07-29,4087.77,0
2016-08-01,4060.25,0
2016-08-02,3980.38,0
2016-08-03,3983.31,0
2016-08-04,4012.16,0
2016-08-05,4069.74,0
2016-08-08,4083.17,0
2016-08-09,4146.55,0
2016-08-10,4132.83,0
2016-08-11,4176.24,0
2016-08-12,4169.57,0
2016-08-15,4173.21,0
2016-08-16,4138.73,0
2016-08-17,4091.58,0
2016-08-18,4113.46,0
2016-08-19,4079.23,0
2016-08-22,4067.23,0
2016-08-23,4110.68,0
2016-08-24,4127.51,0
2016-08-25,4099.82,0
2016-08-26,4128.82,0
2016-08-29,4112.99,0
2016-08-30,4151.08,0
2016-08-31,4139.38,0
2016-09-01,4134.6,0
2016-09-02,4215.87,0
2016-09-05,4214.8,0
2016-09-06,4203.61,0
2016-09-07,4233.49,0
2016-09-08,4219.27,0
2016-09-09,4175.82,0
2016-09-12,4119.62,0
2016-09-13,4075.77,0
2016-09-14,4063.54,0
2016-09-15,4078.33,0
2016-09-16,4028.72,0
2016-09-19,4074.77,0
2016-09-20,4072.14,0
2016-09-21,4096.5,0
2016-09-22,4187.88,0
2016-09-23,4163.8,0
2016-09-26,4088.47,0
2016-09-27,4080.31,0
2016-09-28,4109.47,0
2016-09-29,4106.55,0
2016-09-30,4122.37,0
2016-10-03,4119.36,0
2016-10-04,4159.41,0
2016-10-05,4153.85,0
2016-10-06,4148.15,0
2016-10-07,4115.17,0
2016-10-10,4161.52,0
2016-10-11,4141.68,0
2016-10-12,4125.55,0
2016-10-13,4081.14,0
2016-10-14,4147.52,0
2016-10-17,4127.04,0
2016-10-18,4178.18,0
2016-10-19,4191.54,0
2016-10-20,4217.18,0
2016-10-21,4218.03,0
2016-10-24,4240.22,0
2016-10-25,4229.57,0
2016-10-26,4221.28,0
2016-10-27,4226.56,0
2016-10-28,4220.89,0
2016-10-31,4191.17,0
2016-11-01,4146.71,0
2016-11-02,4087.6,0
2016-11-03,4078.27,0
2016-11-04,4051.65,0
2016-11-07,4124.68,0
2016-11-08,4141.81,0
2016-11-09,4184.36,0
2016-11-10,4163.49,0
2016-11-11,4144.2,0
2016-11-14,4153.61,0
2016-11-15,4170.48,0
2016-11-16,4143.05,0
2016-11-17,4160.59,0
2016-11-18,4135.61,0
2016-11-21,4148.84,0
2016-11-22,4168.48,0
2016-11-23,4152.49,0
2016-11-24,4160.66,0
2016-11-25,4170.82,0
2016-11-28,4128.49,0
2016-11-29,4157.06,0
2016-11-30,4177.45,0
2016-12-01,4149.56,0
2016-12-02,4129.39,0
2016-12-05,4177.75,0
2016-12-06,4240.51,0
2016-12-07,4302.28,0
2016-12-08,4362.1,0
2016-12-09,4375.58,0
2016-12-12,4377.24,0
2016-12-13,4425.04,0
2016-12-14,4392.43,0
2016-12-15,4442.92,0
2016-12-16,4458.59,0
2016-12-19,4455.13,0
2016-12-20,4483.48,0
2016-12-21,4473.78,0
2016-12-22,4469.45,0
2016-12-23,4475.78,0
2016-12-27,4481.86,0
2016-12-28,4480.15,0
2016-12-29,4469.41,0
2016-12-30,4488.8,0
2017-01-02,4519.69,0
2017-01-03,4529.74,0
2017-01-04,4529.86,0
2017-01-05,4530.04,0
2017-01-06,4535.29,0
2017-01-09,4516.19,0
2017-01-10,4515.9,0
2017-01-11,4519.85,0
2017-01-12,4489.57,0
2017-01-13,4538.81,0
2017-01-16,4501.02,0
2017-01-17,4489.07,0
2017-01-18,4500.91,0
2017-01-19,4499.13,0
2017-01-20,4508.98,0
2017-01-23,4475.7,0
2017-01-24,4491.64,0
2017-01-25,4551.71,0
2017-01-26,4544.33,0
2017-01-27,4523.46,0
2017-01-30,4465.89,0
2017-01-31,4424.83,0
2017-02-01,4461.48,0
2017-02-02,4456.91,0
2017-02-03,4483.6,0
2017-02-06,4432.94,0
2017-02-07,4431.42,0
2017-02-08,4434.04,0
2017-02-09,4481.06,0
2017-02-10,4477.94,0
2017-02-13,4523.96,0
2017-02-14,4531.54,0
2017-02-15,4551.51,0
2017-02-16,4534.31,0
2017-02-17,4531.59,0
2017-02-20,4535.93,0
2017-02-21,4568.69,0
2017-02-22,4569.18,0
2017-02-23,4562.92,0
2017-02-24,4521.03,0
2017-02-27,4527.01,0
2017-02-28,4539.75,0
2017-03-01,4631.35,0
2017-03-02,4624.7,0
2017-03-03,4646.79,0
2017-03-06,4624.05,0
2017-03-07,4620.04,0
2017-03-08,4625.42,0
2017-03-09,4654.75,0
2017-03-10,4665.66,0
2017-03-13,4668.3,0
2017-03-14,4650.61,0
2017-03-15,4664.49,0
2017-03-16,4703.94,0
2017-03-17,4717.23,0
2017-03-20,4702.15,0
2017-03-21,4688.76,0
2017-03-22,4674.56,0
2017-03-23,4716.43,0
2017-03-24,4710.56,0
2017-03-27,4700.3,0
2017-03-28,4739.16,0
2017-03-29,4750.81,0
2017-03-30,4760.51,0
2017-03-31,4785.75,0
2017-04-03,4752.58,0
2017-04-04,4763.33,0
2017-04-05,4751.51,0
2017-04-06,4772.93,0
2017-04-07,4778.16,0
2017-04-10,4760,0
2017-04-11,4744.17,0
2017-04-12,4741.83,0
2017-04-13,4716.48,0
2017-04-18,4664.52,0
2017-04-19,4685.4,0
2017-04-20,4710,0
2017-04-21,4709.6,0
2017-04-24,4892.01,0
2017-04-25,4901.34,0
2017-04-26,4900.59,0
2017-04-27,4876.84,0
2017-04-28,4873.16,0
2017-05-02,4898.11,0
2017-05-03,4908.29,0
2017-05-04,4966.57,0
2017-05-05,5011.4,0
2017-05-08,4989.22,0
2017-05-09,4998.69,0
2017-05-10,4997.77,0
2017-05-11,4971.69,0
2017-05-12,4988.9,0
2017-05-15,4996.9,0
2017-05-16,4997.49,0
2017-05-17,4920.4,0
2017-05-18,4891.55,0
2017-05-19,4925.99,0
2017-05-22,4915.43,0
2017-05-23,4939.42,0
2017-05-24,4932.32,0
2017-05-25,4930.68,0
2017-05-26,4921.84,0
2017-05-29,4915.56,0
2017-05-30,4895.54,0
2017-05-31,4887.86,0
2017-06-01,4906.55,0
2017-06-02,4939.97,0
2017-06-05,4923.21,0
2017-06-06,4892.52,0
2017-06-07,4891.42,0
2017-06-08,4909.41,0
2017-06-09,4940.38,0
2017-06-12,4887.75,0
2017-06-13,4908.78,0
2017-06-14,4897.29,0
2017-06-15,4866.91,0
2017-06-16,4894.31,0
2017-06-19,4941.26,0
2017-06-20,4915.01,0
2017-06-21,4904.57,0
2017-06-22,4902.34,0
2017-06-23,4884.6,0
2017-06-26,4909.61,0
2017-06-27,4878.99,0
2017-06-28,4879.34,0
2017-06-29,4793.41,0
2017-06-30,4757.82,0
2017-07-03,4827.87,0
2017-07-04,4816.18,0
2017-07-05,4813.92,0
2017-07-06,4796.47,0
2017-07-07,4798.04,0
2017-07-10,4818,0
2017-07-11,4799.89,0
2017-07-12,4868.47,0
2017-07-13,4887.71,0
2017-07-14,4886.05,0
2017-07-17,4876.65,0
2017-07-18,4823.61,0
2017-07-19,4849.53,0
2017-07-20,4846.67,0
2017-07-21,4779.98,0
2017-07-24,4780.38,0
2017-07-25,4809.81,0
2017-07-26,4835.5,0
2017-07-27,4838.24,0
2017-07-28,4799.96,0
2017-07-31,4776.24,0
2017-08-01,4813.64,0
2017-08-02,4790.75,0
2017-08-03,4804.52,0
2017-08-04,4860.54,0
2017-08-07,4861.87,0
2017-08-08,4874.82,0
2017-08-09,4813.06,0
2017-08-10,4766.54,0
2017-08-11,4728.05,0
2017-08-14,4787.93,0
2017-08-15,4801.09,0
2017-08-16,4834.52,0
2017-08-17,4804.77,0
2017-08-18,4783.78,0
2017-08-21,4753.34,0
2017-08-22,4795.99,0
2017-08-23,4772.95,0
2017-08-24,4778.21,0
2017-08-25,4771.11,0
2017-08-28,4749.39,0
2017-08-29,4699.83,0
2017-08-30,4722.41,0
2017-08-31,4745.65,0
2017-09-01,4774.51,0
2017-09-04,4755.72,0
2017-09-05,4744.7,0
2017-09-06,4762.37,0
2017-09-07,4779.76,0
2017-09-08,4782.93,0
2017-09-11,4849.47,0
2017-09-12,4874.64,0
2017-09-13,4887.14,0
2017-09-14,4887.48,0
2017-09-15,4873.47,0
2017-09-18,4889.71,0
2017-09-19,4893.2,0
2017-09-20,4887.31,0
2017-09-21,4903.96,0
2017-09-22,4904.34,0
2017-09-25,4896.23,0
2017-09-26,4897.17,0
2017-09-27,4923.39,0
2017-09-28,4935.1,0
2017-09-29,4974.55,0
2017-10-02,4988.38,0
2017-10-03,4993.45,0
2017-10-04,4978.06,0
2017-10-05,5002.26,0
2017-10-06,4988.52,0
2017-10-09,4997.37,0
2017-10-10,4984.65,0
2017-10-11,4999.17,0
2017-10-12,4997.69,0
2017-10-13,4997.62,0
2017-10-16,4998.77,0
2017-10-17,5001.39,0
2017-10-18,5019.02,0
2017-10-19,4996.37,0
2017-10-20,5005.01,0
2017-10-23,5009.99,0
2017-10-24,5014.52,0
2017-10-25,4991.14,0
2017-10-26,5050.64,0
2017-10-27,5067.38,0
2017-10-30,5078.36,0
2017-10-31,5088.89,0
2017-11-01,5125.86,0
2017-11-02,5116.8,0
2017-11-03,5120.65,0
2017-11-06,5112.81,0
2017-11-07,5083.85,0
2017-11-08,5079.44,0
2017-11-09,5024.93,0
2017-11-10,5002.92,0
2017-11-13,4976.76,0
2017-11-14,4949.8,0
2017-11-15,4934.26,0
2017-11-16,4961.2,0
2017-11-17,4937.78,0
2017-11-20,4957.84,0
2017-11-21,4984.07,0
2017-11-22,4960.28,0
2017-11-23,4972.33,0
2017-11-24,4986.26,0
2017-11-27,4962.27,0
2017-11-28,4989.04,0
2017-11-29,4997.7,0
2017-11-30,4975.39,0
2017-12-01,4917.92,0
2017-12-04,4984.05,0
2017-12-05,4980.76,0
2017-12-06,4968.81,0
2017-12-07,4985.78,0
2017-12-08,5016.47,0
2017-12-11,5004.47,0
2017-12-12,5028.04,0
2017-12-13,5000.35,0
2017-12-14,4966.28,0
2017-12-15,4967.24,0
2017-12-18,5034.9,0
2017-12-19,5003.74,0
2017-12-20,4961.57,0
2017-12-21,4984.78,0
2017-12-22,4963.25,0
2017-12-27,4960.31,0
2017-12-28,4929.2,0
2017-12-29,4902.28,0
2018-01-02,4885.98,0
2018-01-03,4917.33,0
2018-01-04,4996.97,0
2018-01-05,5049.26,0
2018-01-08,5062.25,0
2018-01-09,5081.38,0
2018-01-10,5066.43,0
2018-01-11,5051.12,0
2018-01-12,5070.98,0
2018-01-15,5066.84,0
2018-01-16,5076.8,0
2018-01-17,5064.19,0
2018-01-18,5079.38,0
2018-01-19,5118.61,0
2018-01-22,5136.15,0
2018-01-23,5144.91,0
2018-01-24,5105.3,0
2018-01-25,5089.03,0
2018-01-26,5113.66,0
2018-01-29,5105.94,0
2018-01-30,5059.11,0
2018-01-31,5061.89,0
2018-02-01,5021.54,0
2018-02-02,4945.08,0
2018-02-05,4885.83,0
2018-02-06,4767.29,0
2018-02-07,4856.32,0
2018-02-08,4749.86,0
2018-02-09,4684.28,0
2018-02-12,4743.48,0
2018-02-13,4702.55,0
2018-02-14,4749.14,0
2018-02-15,4773.17,0
2018-02-16,4825.87,0
2018-02-19,4799.06,0
2018-02-20,4834.46,0
2018-02-21,4832.67,0
2018-02-22,4833.43,0
2018-02-23,4844.61,0
2018-02-26,4872.67,0
2018-02-27,4865.4,0
2018-02-28,4844.54,0
2018-03-01,4784.24,0
2018-03-02,4679.46,0
2018-03-05,4721.1,0
2018-03-06,4730.43,0
2018-03-07,4760.15,0
2018-03-08,4813.65,0
2018-03-09,4822.05,0
2018-03-12,4836.31,0
2018-03-13,4788.94,0
2018-03-14,4778.66,0
2018-03-15,4811.72,0
2018-03-16,4835.24,0
2018-03-19,4777.88,0
2018-03-20,4806.3,0
2018-03-21,4795.02,0
2018-03-22,4720.99,0
2018-03-23,4653.06,0
2018-03-26,4623.53,0
2018-03-27,4678.14,0
2018-03-28,4694.88,0
2018-03-29,4735.21,0
2018-04-03,4713.73,0
2018-04-04,4700.61,0
2018-04-05,4824.35,0
2018-04-06,4797.35,0
2018-04-09,4806.13,0
2018-04-10,4841.65,0
2018-04-11,4812.61,0
2018-04-12,4845.98,0
2018-04-13,4851.06,0
2018-04-16,4842.04,0
2018-04-17,4893.88,0
2018-04-18,4908.48,0
2018-04-19,4904.56,0
2018-04-20,4908.67,0
2018-04-23,4929.93,0
2018-04-24,4926.88,0
2018-04-25,4892.86,0
2018-04-26,4925.59,0
2018-04-27,4940.19,0
2018-04-30,4959.22,0
2018-05-02,4987.19,0
2018-05-03,4951.09,0
2018-05-04,4980.3,0
2018-05-07,5001.82,0
2018-05-08,4991.56,0
2018-05-09,5005.39,0
2018-05-10,5007.6,0
2018-05-11,5005.08,0
2018-05-14,5004.02,0
2018-05-15,5004.03,0
2018-05-16,4998.8,0
2018-05-17,5036.91,0
2018-05-18,5008.01,0
2018-05-21,5007.78,0
2018-05-22,5029.03,0
2018-05-23,4964.42,0
2018-05-24,4937.18,0
2018-05-25,4931.28,0
2018-05-28,4890.8,0
2018-05-29,4812.78,0
2018-05-30,4833.65,0
2018-05-31,4787.74,0
2018-06-01,4848.47,0
2018-06-04,4873.27,0
2018-06-05,4858.37,0
2018-06-06,4867.08,0
2018-06-07,4859.52,0
2018-06-08,4843.85,0
2018-06-11,4889.92,0
2018-06-12,4884.73,0
2018-06-13,4892.48,0
2018-06-14,4952.44,0
2018-06-15,4922.69,0
2018-06-18,4872.02,0
2018-06-19,4827.88,0
2018-06-20,4830.1,0
2018-06-21,4778.58,0
2018-06-22,4827.94,0
2018-06-25,4727.16,0
2018-06-26,4723.12,0
2018-06-27,4759.41,0
2018-06-28,4717.28,0
2018-06-29,4759.11,0
2018-07-02,4725.4,0
2018-07-03,4769.96,0
2018-07-04,4774.06,0
2018-07-05,4818.24,0
2018-07-06,4831.13,0
2018-07-09,4850.2,0
2018-07-10,4866.18,0
2018-07-11,4796.09,0
2018-07-12,4828.75,0
2018-07-13,4843.97,0
2018-07-16,4839.52,0
2018-07-17,4858.39,0
2018-07-18,4893.91,0
2018-07-19,4874.09,0
2018-07-20,4856.03,0
2018-07-23,4847.18,0
2018-07-24,4888.07,0
2018-07-25,4869.25,0
2018-07-26,4920.54,0
2018-07-27,4944.8,0
2018-07-30,4925.55,0
2018-07-31,4938.14,0
2018-08-01,4916.63,0
2018-08-02,4863.56,0
2018-08-03,4885.18,0
2018-08-06,4880.5,0
2018-08-07,4909.12,0
2018-08-08,4895.06,0
2018-08-09,4897.8,0
2018-08-10,4805.65,0
2018-08-13,4785.08,0
2018-08-14,4784.02,0
2018-08-15,4713.29,0
2018-08-16,4740.39,0
2018-08-17,4732.12,0
2018-08-20,4764.02,0
2018-08-21,4788.75,0
2018-08-22,4795.68,0
2018-08-23,4790.23,0
2018-08-24,4800.26,0
2018-08-27,4842,0
2018-08-28,4834.55,0
2018-08-29,4845.97,0
2018-08-30,4813.69,0
2018-08-31,4761.74,0
2018-09-03,4764.69,0
2018-09-04,4720.17,0
2018-09-05,4661.13,0
2018-09-06,4632.26,0
2018-09-07,4631.57,0
2018-09-10,4656.28,0
2018-09-11,4656.79,0
2018-09-12,4677.54,0
2018-09-13,4686.31,0
2018-09-14,4704.13,0
2018-09-17,4705.49,0
2018-09-18,4721.69,0
2018-09-19,4741.02,0
2018-09-20,4787.02,0
2018-09-21,4821.36,0
2018-09-24,4792.97,0
2018-09-25,4807.8,0
2018-09-26,4820.1,0
2018-09-27,4840.96,0
2018-09-28,4768.56,0
2018-10-01,4783.71,0
2018-10-02,4752.02,0
2018-10-03,4774,0
2018-10-04,4732.48,0
2018-10-05,4690.49,0
2018-10-08,4634.13,0
2018-10-09,4651.95,0
2018-10-10,4571.14,0
2018-10-11,4491.89,0
2018-10-12,4476.56,0
2018-10-15,4494.08,0
2018-10-16,4560.48,0
2018-10-17,4538.57,0
2018-10-18,4497.88,0
2018-10-19,4491.62,0
2018-10-22,4466.01,0
2018-10-23,4395.22,0
2018-10-24,4370.86,0
2018-10-25,4418.34,0
2018-10-26,4379.58,0
2018-10-29,4411.99,0
2018-10-30,4400.14,0
2018-10-31,4470.66,0
2018-11-01,4484.62,0
2018-11-02,4504.49,0
2018-11-05,4501.24,0
2018-11-06,4486.88,0
2018-11-07,4541.77,0
2018-11-08,4529.85,0
2018-11-09,4516.3,0
2018-11-12,4465.46,0
2018-11-13,4511.31,0
2018-11-14,4487.97,0
2018-11-15,4466.58,0
2018-11-16,4457.3,0
2018-11-19,4422.73,0
2018-11-20,4356.84,0
2018-11-21,4410.99,0
2018-11-22,4375.61,0
2018-11-23,4389.84,0
2018-11-26,4446.8,0
2018-11-27,4441.01,0
2018-11-28,4441.5,0
2018-11-29,4447.37,0
2018-11-30,4440.1,0
2018-12-03,4497.52,0
2018-12-04,4456.59,0
2018-12-05,4405.25,0
2018-12-06,4263.43,0
2018-12-07,4276.63,0
2018-12-10,4214.93,0
2018-12-11,4264.27,0
2018-12-12,4344.1,0
2018-12-13,4348.27,0
2018-12-14,4319.29,0
2018-12-17,4272.22,0
2018-12-18,4242.53,0
2018-12-19,4263.21,0
2018-12-20,4189.26,0
2018-12-21,4183.7,0
2018-12-24,4149.59,0
2018-12-27,4094.86,0
2018-12-28,4161.25,0
2018-12-31,4181.4,0
2019-01-02,4172.23,0
2019-01-03,4123.06,0
2019-01-04,4245.94,0
2019-01-07,4235.98,0
2019-01-08,4267.42,0
2019-01-09,4290.25,0
2019-01-10,4294.84,0
2019-01-11,4286.58,0
2019-01-14,4267.15,0
2019-01-15,4285.02,0
2019-01-16,4304.16,0
2019-01-17,4294.47,0
2019-01-18,4384.21,0
2019-01-21,4370.47,0
2019-01-22,4350.57,0
2019-01-23,4357.88,0
2019-01-24,4381.34,0
2019-01-25,4432.73,0
2019-01-28,4396.82,0
2019-01-29,4418.09,0
2019-01-30,4423.51,0
2019-01-31,4417.63,0
2019-02-01,4422.54,0
2019-02-04,4415.44,0
2019-02-05,4486.64,0
2019-02-06,4489.43,0
2019-02-07,4400.98,0
2019-02-08,4370.55,0
2019-02-11,4411.74,0
2019-02-12,4447.49,0
2019-02-13,4462.62,0
2019-02-14,4439.04,0
2019-02-15,4520.92,0
2019-02-18,4530.7,0
2019-02-19,4522.86,0
2019-02-20,4552.65,0
2019-02-21,4551.05,0
2019-02-22,4558.68,0
2019-02-25,4574.54,0
2019-02-26,4586.43,0
2019-02-27,4576.33,0
2019-02-28,4599.35,0
2019-03-01,4621.19,0
2019-03-04,4627.64,0
2019-03-05,4637.39,0
2019-03-06,4631.64,0
2019-03-07,4607.27,0
2019-03-08,4570.97,0
2019-03-11,4604.6,0
2019-03-12,4602.3,0
2019-03-13,4625.71,0
2019-03-14,4652.92,0
2019-03-15,4708.27,0
2019-03-18,4716.33,0
2019-03-19,4745.05,0
2019-03-20,4693.36,0
2019-03-21,4685.5,0
2019-03-22,4601.95,0
2019-03-25,4592.25,0
2019-03-26,4623.37,0
2019-03-27,4628.99,0
2019-03-28,4617.81,0
2019-03-29,4653.42,0
2019-04-01,4704.05,0
2019-04-02,4721.74,0
2019-04-03,4774.07,0
2019-04-04,4782.33,0
2019-04-05,4787.28,0
2019-04-08,4774.28,0
2019-04-09,4746.31,0
2019-04-10,4755.44,0
2019-04-11,4774.01,0
2019-04-12,4795.81,0
2019-04-15,4800.12,0
2019-04-16,4820.95,0
2019-04-17,4842.59,0
2019-04-18,4864.95,0
2019-04-23,4868.29,0
2019-04-24,4861.12,0
2019-04-25,4848.82,0
2019-04-26,4860.77,0
2019-04-29,4864.3,0
2019-04-30,4877.6,0
2019-05-02,4843.24,0
2019-05-03,4857.15,0
2019-05-06,4800.08,0
2019-05-07,4725.97,0
2019-05-08,4744.65,0
2019-05-09,4652.48,0
2019-05-10,4666.31,0
2019-05-13,4605.85,0
2019-05-14,4661.52,0
2019-05-15,4686.94,0
2019-05-16,4753.74,0
2019-05-17,4730.64,0
2019-05-20,4658.3,0
2019-05-21,4682.84,0
2019-05-22,4680.39,0
2019-05-23,4598.46,0
2019-05-24,4629.52,0
2019-05-27,4647.56,0
2019-05-28,4631.49,0
2019-05-29,4559.79,0
2019-05-30,4585.54,0
2019-05-31,4531.94,0
2019-06-03,4553.52,0
2019-06-04,4599.75,0
2019-06-05,4604.95,0
2019-06-06,4593.82,0
2019-06-07,4645.33,0
2019-06-10,4657.61,0
2019-06-11,4684.42,0
2019-06-12,4662.99,0
2019-06-13,4668.38,0
2019-06-14,4648.68,0
2019-06-17,4653.45,0
2019-06-18,4747.07,0
2019-06-19,4754.11,0
2019-06-20,4766.15,0
2019-06-21,4765.56,0
2019-06-24,4748.4,0
2019-06-25,4730.52,0
2019-06-26,4731.62,0
2019-06-27,4734.24,0
2019-06-28,4775.7,0
2019-07-01,4809.02,0
2019-07-02,4820.17,0
2019-07-03,4868.56,0
2019-07-04,4878.67,0
2019-07-05,4854.39,0
2019-07-08,4846.06,0
2019-07-09,4821.17,0
2019-07-10,4810.6,0
2019-07-11,4804.55,0
2019-07-12,4804.99,0
2019-07-15,4814.59,0
2019-07-16,4840.37,0
2019-07-17,4811.86,0
2019-07-18,4787.44,0
2019-07-19,4783.84,0
2019-07-22,4798.49,0
2019-07-23,4857.73,0
2019-07-24,4864.36,0
2019-07-25,4838.73,0
2019-07-26,4853.25,0
2019-07-29,4847.1,0
2019-07-30,4762.13,0
2019-07-31,4770.64,0
2019-08-01,4804.6,0
2019-08-02,4656.3,0
2019-08-05,4560.82,0
2019-08-06,4539.76,0
2019-08-07,4558.4,0
2019-08-08,4640.92,0
2019-08-09,4581.64,0
2019-08-12,4564.26,0
2019-08-13,4599.38,0
2019-08-14,4506.65,0
2019-08-15,4493.16,0
2019-08-16,4559.82,0
2019-08-19,4615.5,0
2019-08-20,4585.39,0
2019-08-21,4647.49,0
2019-08-22,4623.95,0
2019-08-23,4571.73,0
2019-08-26,4591.15,0
2019-08-27,4619.71,0
2019-08-28,4611.89,0
2019-08-29,4672.73,0
2019-08-30,4701.13,0
2019-09-02,4711.29,0
2019-09-03,4696.98,0
2019-09-04,4742.53,0
2019-09-05,4794.14,0
2019-09-06,4807.17,0
2019-09-09,4814.35,0
2019-09-10,4826.01,0
2019-09-11,4845.2,0
2019-09-12,4870.74,0
2019-09-13,4889.48,0
2019-09-16,4849.1,0
2019-09-17,4846.98,0
2019-09-18,4855.85,0
2019-09-19,4886.84,0
2019-09-20,4904.5,0
2019-09-23,4857.17,0
2019-09-24,4848.73,0
2019-09-25,4822.53,0
2019-09-26,4848.59,0
2019-09-27,4868.46,0
2019-09-30,4896.17,0
2019-10-01,4831.6,0
2019-10-02,4696.13,0
2019-10-03,4700.57,0
2019-10-04,4740.16,0
2019-10-07,4772.8,0
2019-10-08,4721.04,0
2019-10-09,4758.75,0
2019-10-10,4796.47,0
2019-10-11,4898.59,0
2019-10-14,4882.23,0
2019-10-15,4938.11,0
2019-10-16,4939.27,0
2019-10-17,4924.8,0
2019-10-18,4910.36,0
2019-10-21,4942.91,0
2019-10-22,4950.22,0
2019-10-23,4949.88,0
2019-10-24,4967.45,0
2019-10-25,4974.38,0
2019-10-28,4977.99,0
2019-10-29,4970.64,0
2019-10-30,4965.71,0
2019-10-31,4943.35,0
2019-11-01,4973.41,0
2019-11-04,5031.9,0
2019-11-05,5049.05,0
2019-11-06,5064.32,0
2019-11-07,5092.96,0
2019-11-08,5078.02,0
2019-11-11,5073.35,0
2019-11-12,5095.6,0
2019-11-13,5070.78,0
2019-11-14,5054.69,0
2019-11-15,5086.33,0
2019-11-18,5077,0
2019-11-19,5066.98,0
2019-11-20,5049.56,0
2019-11-21,5038.97,0
2019-11-22,5052.77,0
2019-11-25,5082.76,0
2019-11-26,5080.01,0
2019-11-27,5089.65,0
2019-11-28,5077.01,0
2019-11-29,5071.85,0
2019-12-02,4973.46,0
2019-12-03,4948.99,0
2019-12-04,5011.71,0
2019-12-05,4999.1,0
2019-12-06,5057.45,0
2019-12-09,5034.01,0
2019-12-10,5031.39,0
2019-12-11,5050.67,0
2019-12-12,5077.46,0
2019-12-13,5106.07,0
2019-12-16,5164.66,0
2019-12-17,5132.69,0
2019-12-18,5124.06,0
2019-12-19,5126.42,0
2019-12-20,5170.97,0
2019-12-23,5169.19,0
2019-12-24,5166.49,0
2019-12-27,5175.92,0
2019-12-30,5131.43,0
2019-12-31,5125.38,0
2020-01-02,5193.15,0
2020-01-03,5170.48,0
2020-01-06,5141.98,0
2020-01-07,5153.63,0
2020-01-08,5172.85,0
2020-01-09,5201.51,0
2020-01-10,5192.62,0
2020-01-13,5180.3,0
2020-01-14,5180.22,0
2020-01-15,5170.94,0
2020-01-16,5180.93,0
2020-01-17,5225.97,0
2020-01-20,5214.43,0
2020-01-21,5199.41,0
2020-01-22,5174.84,0
2020-01-23,5133.28,0
2020-01-24,5187.07,0
2020-01-27,5054.17,0
2020-01-28,5111.51,0
2020-01-29,5130.99,0
2020-01-30,5071.3,0
2020-01-31,5006.25,0
2020-02-03,5029.51,0
2020-02-04,5119.87,0
2020-02-05,5185.91,0
2020-02-06,5234.16,0
2020-02-07,5225.32,0
2020-02-10,5218.38,0
2020-02-11,5261.07,0
2020-02-12,5302.63,0
2020-02-13,5292.62,0
2020-02-14,5285.43,0
2020-02-17,5299.14,0
2020-02-18,5272.71,0
2020-02-19,5314.31,0
2020-02-20,5259.67,0
2020-02-21,5224.89,0
2020-02-24,5020.16,0
2020-02-25,4919.34,0
2020-02-26,4925.29,0
2020-02-27,4758.74,0
2020-02-28,4590.15,0
2020-03-02,4599.57,0
2020-03-03,4638.65,0
2020-03-04,4701.42,0
2020-03-05,4618.31,0
2020-03-06,4449.02,0
2020-03-09,4078.29,0
2020-03-10,4013.48,0
2020-03-11,4002.51,0
2020-03-12,3493.6,0
2020-03-13,3547.22,0
2020-03-16,3356.21,0
2020-03-17,3456.43,0
2020-03-18,3278.96,0
2020-03-19,3376.09,0
2020-03-20,3494.32,0
2020-03-23,3406.41,0
2020-03-24,3710.42,0
2020-03-25,3822.45,0
2020-03-26,3886.92,0
2020-03-27,3727.77,0
2020-03-30,3764.31,0
2020-03-31,3795.82,0
2020-04-01,3657.78,0
2020-04-02,3673.53,0
2020-04-03,3637.66,0
2020-04-06,3811.69,0
2020-04-07,3897.46,0
2020-04-08,3893.03,0
2020-04-09,3948.5,0
2020-04-14,3977.84,0
2020-04-15,3827.5,0
2020-04-16,3834.22,0
2020-04-17,3934.36,0
2020-04-20,3958.68,0
2020-04-21,3804.32,0
2020-04-22,3866.12,0
2020-04-23,3897.32,0
2020-04-24,3836.07,0
2020-04-27,3935.51,0
2020-04-28,3997.46,0
2020-04-29,4091.94,0
2020-04-30,4003.92,0
2020-05-04,3847.9,0
2020-05-05,3929.9,0
2020-05-06,3890.31,0
2020-05-07,3942.65,0
2020-05-08,3979.04,0
2020-05-11,3943.8,0
2020-05-12,3945.16,0
2020-05-13,3844.19,0
2020-05-14,3775.22,0
2020-05-15,3785.87,0
2020-05-18,3973.13,0
2020-05-19,3960.93,0
2020-05-20,4014.5,0
2020-05-21,3967.18,0
2020-05-22,3973.25,0
2020-05-25,4060.61,0
2020-05-26,4112.62,0
2020-05-27,4185.41,0
2020-05-28,4243.56,0
2020-05-29,4175.71,0
2020-06-01,4217.04,0
2020-06-02,4324.37,0
2020-06-03,4474.59,0
2020-06-04,4468,0
2020-06-05,4620.38,0
2020-06-08,4608.19,0
2020-06-09,4540.47,0
2020-06-10,4504.71,0
2020-06-11,4302.09,0
2020-06-12,4317.59,0
2020-06-15,4294.58,0
2020-06-16,4433.87,0
2020-06-17,4464.23,0
2020-06-18,4425.97,0
2020-06-19,4447.64,0
2020-06-22,4410.95,0
2020-06-23,4487.51,0
2020-06-24,4350.28,0
2020-06-25,4382.98,0
2020-06-26,4360.92,0
2020-06-29,4396.98,0
2020-06-30,4399.62,0
2020-07-01,4388.82,0
2020-07-02,4507.99,0
2020-07-03,4472.93,0
2020-07-06,4551.81,0
2020-07-07,4512.76,0
2020-07-08,4469.58,0
2020-07-09,4434.4,0
2020-07-10,4484.28,0
2020-07-13,4553.42,0
2020-07-14,4515.92,0
2020-07-15,4582.88,0
2020-07-16,4566.03,0
2020-07-17,4564.16,0
2020-07-20,4599.28,0
2020-07-21,4623.88,0
2020-07-22,4581.8,0
2020-07-23,4581.26,0
2020-07-24,4502.38,0
2020-07-27,4489.4,0
2020-07-28,4490.16,0
2020-07-29,4489.06,0
2020-07-30,4361.25,0
2020-07-31,4312.63,0
2020-08-03,4409.89,0
2020-08-04,4419.96,0
2020-08-05,4436.42,0
2020-08-06,4398.79,0
2020-08-07,4414.75,0
2020-08-10,4428.71,0
2020-08-11,4524.73,0
2020-08-12,4568.51,0
2020-08-13,4540.11,0
2020-08-14,4487.72,0
2020-08-17,4491.61,0
2020-08-18,4470.01,0
2020-08-19,4505.17,0
2020-08-20,4446.24,0
2020-08-21,4427.78,0
2020-08-24,4523.38,0
2020-08-25,4523.06,0
2020-08-26,4561.8,0
2020-08-27,4526.85,0
2020-08-28,4510.94,0
2020-08-31,4454.62,0
2020-09-01,4457.21,0
2020-09-02,4532.92,0
2020-09-03,4490.29,0
2020-09-04,4436.38,0
2020-09-07,4504.65,0
2020-09-08,4444.43,0
2020-09-09,4524.41,0
2020-09-10,4511.73,0
2020-09-11,4511.83,0
2020-09-14,4513.44,0
2020-09-15,4527.76,0
2020-09-16,4539.9,0
2020-09-17,4509.48,0
2020-09-18,4466.06,0
2020-09-21,4301.41,0
2020-09-22,4304.9,0
2020-09-23,4325.5,0
2020-09-24,4301.07,0
2020-09-25,4270.28,0
2020-09-28,4384.94,0
2020-09-29,4373.65,0
2020-09-30,4354.07,0
2020-10-01,4361.77,0
2020-10-02,4359.83,0
2020-10-05,4402.96,0
2020-10-06,4421.63,0
2020-10-07,4421.05,0
2020-10-08,4455.12,0
2020-10-09,4476.96,0
2020-10-12,4509.28,0
2020-10-13,4482.22,0
2020-10-14,4479.23,0
2020-10-15,4375.35,0
2020-10-16,4443.85,0
2020-10-19,4428.42,0
2020-10-20,4423.35,0
2020-10-21,4356.14,0
2020-10-22,4347.33,0
2020-10-23,4383.11,0
2020-10-26,4265.7,0
2020-10-27,4215.36,0
2020-10-28,4070.78,0
2020-10-29,4062,0
2020-10-30,4063.07,0
2020-11-02,4140.68,0
2020-11-03,4245.19,0
2020-11-04,4330.01,0
2020-11-05,4395.44,0
2020-11-06,4378.57,0
2020-11-09,4643.81,0
2020-11-10,4692.89,0
2020-11-11,4726.16,0
2020-11-12,4676.21,0
2020-11-13,4685.64,0
2020-11-16,4737.31,0
2020-11-17,4740.48,0
2020-11-18,4761.83,0
2020-11-19,4724.6,0
2020-11-20,4745.21,0
2020-11-23,4737.38,0
2020-11-24,4798.15,0
2020-11-25,4806.28,0
2020-11-26,4801.38,0
2020-11-27,4832.56,0
2020-11-30,4784.05,0
2020-12-01,4825.8,0
2020-12-02,4825.13,0
2020-12-03,4818.12,0
2020-12-04,4850.61,0
2020-12-07,4831.34,0
2020-12-08,4827.91,0
2020-12-09,4834.98,0
2020-12-10,4822.07,0
2020-12-11,4770.61,0
2020-12-14,4795.07,0
2020-12-15,4820.05,0
2020-12-16,4847.21,0
2020-12-17,4866.5,0
2020-12-18,4848.65,0
2020-12-21,4715.41,0
2020-12-22,4782.39,0
2020-12-23,4838.91,0
2020-12-24,4845.47,0
2020-12-28,4891.67,0
2020-12-29,4899.24,0
2020-12-30,4884.43,0
2020-12-31,4860.02,0
2021-01-04,4880.6,0
2021-01-05,4855.89,0
2021-01-06,4933.09,0
2021-01-07,4955.89,0
2021-01-08,4996.4,0
2021-01-11,4961.1,0
2021-01-12,4955.54,0
2021-01-13,4968.12,0
2021-01-14,4996.78,0
2021-01-15,4936.59,0
2021-01-18,4940.03,0
2021-01-19,4927.12,0
2021-01-20,4969.26,0
2021-01-21,4966.21,0
2021-01-22,4941.02,0
2021-01-25,4878.45,0
2021-01-26,4926.16,0
2021-01-27,4853.61,0
2021-01-28,4879.54,0
2021-01-29,4781.21,0
2021-02-01,4844.22,0
2021-02-02,4917.49,0
