Date,OCELIA ECHU - Liquidated
2002-08-01,null
2002-08-02,null
2002-08-05,null
2002-08-06,null
2002-08-07,null
2002-08-08,null
2002-08-09,null
2002-08-12,null
2002-08-13,null
2002-08-14,null
2002-08-15,null
2002-08-16,null
2002-08-19,null
2002-08-20,null
2002-08-21,null
2002-08-22,null
2002-08-23,null
2002-08-26,null
2002-08-27,null
2002-08-28,null
2002-08-29,null
2002-08-30,null
2002-09-02,null
2002-09-03,null
2002-09-04,null
2002-09-05,null
2002-09-06,null
2002-09-09,null
2002-09-10,null
2002-09-11,null
2002-09-12,null
2002-09-13,null
2002-09-16,null
2002-09-17,null
2002-09-18,null
2002-09-19,null
2002-09-20,null
2002-09-23,null
2002-09-24,null
2002-09-25,null
2002-09-26,null
2002-09-27,null
2002-09-30,null
2002-10-01,null
2002-10-02,null
2002-10-03,null
2002-10-04,null
2002-10-07,null
2002-10-08,null
2002-10-09,null
2002-10-10,null
2002-10-11,null
2002-10-14,null
2002-10-15,null
2002-10-16,null
2002-10-17,null
2002-10-18,null
2002-10-21,null
2002-10-22,null
2002-10-23,null
2002-10-24,null
2002-10-25,null
2002-10-28,null
2002-10-29,null
2002-10-30,null
2002-10-31,null
2002-11-01,null
2002-11-04,null
2002-11-05,null
2002-11-06,null
2002-11-07,null
2002-11-08,null
2002-11-11,null
2002-11-12,null
2002-11-13,null
2002-11-14,null
2002-11-15,null
2002-11-18,null
2002-11-19,null
2002-11-20,null
2002-11-21,null
2002-11-22,null
2002-11-25,null
2002-11-26,null
2002-11-27,null
2002-11-28,null
2002-11-29,null
2002-12-02,null
2002-12-03,null
2002-12-04,null
2002-12-05,null
2002-12-06,null
2002-12-09,null
2002-12-10,null
2002-12-11,null
2002-12-12,null
2002-12-13,null
2002-12-16,null
2002-12-17,null
2002-12-18,null
2002-12-19,null
2002-12-20,null
2002-12-23,null
2002-12-24,null
2002-12-25,null
2002-12-26,null
2002-12-27,null
2002-12-30,null
2002-12-31,null
2003-01-01,null
2003-01-02,null
2003-01-03,null
2003-01-06,null
2003-01-07,null
2003-01-08,null
2003-01-09,null
2003-01-10,null
2003-01-13,null
2003-01-14,null
2003-01-15,null
2003-01-16,null
2003-01-17,null
2003-01-20,null
2003-01-21,null
2003-01-22,null
2003-01-23,null
2003-01-24,null
2003-01-27,null
2003-01-28,null
2003-01-29,null
2003-01-30,null
2003-01-31,null
2003-02-03,null
2003-02-04,null
2003-02-05,null
2003-02-06,null
2003-02-07,null
2003-02-10,null
2003-02-11,null
2003-02-12,null
2003-02-13,null
2003-02-14,null
2003-02-17,null
2003-02-18,null
2003-02-19,null
2003-02-20,null
2003-02-21,null
2003-02-24,null
2003-02-25,null
2003-02-26,null
2003-02-27,null
2003-02-28,null
2003-03-03,null
2003-03-04,null
2003-03-05,null
2003-03-06,null
2003-03-07,null
2003-03-10,null
2003-03-11,null
2003-03-12,null
2003-03-13,null
2003-03-14,null
2003-03-17,null
2003-03-18,null
2003-03-19,null
2003-03-20,null
2003-03-21,null
2003-03-24,null
2003-03-25,null
2003-03-26,null
2003-03-27,null
2003-03-28,null
2003-03-31,null
2003-04-01,null
2003-04-02,null
2003-04-03,null
2003-04-04,null
2003-04-07,null
2003-04-08,null
2003-04-09,null
2003-04-10,null
2003-04-11,null
2003-04-14,null
2003-04-15,null
2003-04-16,null
2003-04-17,null
2003-04-18,null
2003-04-21,null
2003-04-22,null
2003-04-23,null
2003-04-24,null
2003-04-25,null
2003-04-28,null
2003-04-29,null
2003-04-30,null
2003-05-01,null
2003-05-02,null
2003-05-05,null
2003-05-06,null
2003-05-07,null
2003-05-08,null
2003-05-09,null
2003-05-12,null
2003-05-13,null
2003-05-14,null
2003-05-15,null
2003-05-16,null
2003-05-19,null
2003-05-20,null
2003-05-21,null
2003-05-22,null
2003-05-23,null
2003-05-26,null
2003-05-27,null
2003-05-28,null
2003-05-29,null
2003-05-30,null
2003-06-02,null
2003-06-03,null
2003-06-04,null
2003-06-05,null
2003-06-06,null
2003-06-09,null
2003-06-10,null
2003-06-11,null
2003-06-12,null
2003-06-13,null
2003-06-16,null
2003-06-17,null
2003-06-18,null
2003-06-19,null
2003-06-20,null
2003-06-23,null
2003-06-24,null
2003-06-25,null
2003-06-26,null
2003-06-27,null
2003-06-30,null
2003-07-01,null
2003-07-02,null
2003-07-03,null
2003-07-04,null
2003-07-07,null
2003-07-08,null
2003-07-09,null
2003-07-10,null
2003-07-11,null
2003-07-14,null
2003-07-15,null
2003-07-16,null
2003-07-17,null
2003-07-18,null
2003-07-21,null
2003-07-22,null
2003-07-23,null
2003-07-24,null
2003-07-25,null
2003-07-28,null
2003-07-29,null
2003-07-30,null
2003-07-31,null
2003-08-01,null
2003-08-04,null
2003-08-05,null
2003-08-06,null
2003-08-07,null
2003-08-08,null
2003-08-11,null
2003-08-12,null
2003-08-13,null
2003-08-14,null
2003-08-15,null
2003-08-18,null
2003-08-19,null
2003-08-20,null
2003-08-21,null
2003-08-22,null
2003-08-25,null
2003-08-26,null
2003-08-27,null
2003-08-28,null
2003-08-29,null
2003-09-01,null
2003-09-02,null
2003-09-03,null
2003-09-04,null
2003-09-05,null
2003-09-08,null
2003-09-09,null
2003-09-10,null
2003-09-11,null
2003-09-12,null
2003-09-15,null
2003-09-16,null
2003-09-17,null
2003-09-18,null
2003-09-19,null
2003-09-22,null
2003-09-23,null
2003-09-24,null
2003-09-25,null
2003-09-26,null
2003-09-29,null
2003-09-30,null
2003-10-01,null
2003-10-02,null
2003-10-03,null
2003-10-06,null
2003-10-07,null
2003-10-08,null
2003-10-09,null
2003-10-10,null
2003-10-13,null
2003-10-14,null
2003-10-15,null
2003-10-16,null
2003-10-17,null
2003-10-20,null
2003-10-21,null
2003-10-22,null
2003-10-23,null
2003-10-24,null
2003-10-27,null
2003-10-28,null
2003-10-29,null
2003-10-30,null
2003-10-31,null
2003-11-03,null
2003-11-04,null
2003-11-05,null
2003-11-06,null
2003-11-07,null
2003-11-10,null
2003-11-11,null
2003-11-12,null
2003-11-13,null
2003-11-14,null
2003-11-17,null
2003-11-18,null
2003-11-19,null
2003-11-20,null
2003-11-21,null
2003-11-24,null
2003-11-25,null
2003-11-26,null
2003-11-27,null
2003-11-28,null
2003-12-01,null
2003-12-02,null
2003-12-03,null
2003-12-04,null
2003-12-05,null
2003-12-08,null
2003-12-09,null
2003-12-10,null
2003-12-11,null
2003-12-12,null
2003-12-15,null
2003-12-16,null
2003-12-17,null
2003-12-18,null
2003-12-19,null
2003-12-22,null
2003-12-23,null
2003-12-24,null
2003-12-25,null
2003-12-26,null
2003-12-29,null
2003-12-30,null
2003-12-31,null
2004-01-01,null
2004-01-02,null
2004-01-05,null
2004-01-06,null
2004-01-07,null
2004-01-08,null
2004-01-09,null
2004-01-12,null
2004-01-13,null
2004-01-14,null
2004-01-15,null
2004-01-16,null
2004-01-19,null
2004-01-20,null
2004-01-21,null
2004-01-22,null
2004-01-23,null
2004-01-26,null
2004-01-27,null
2004-01-28,null
2004-01-29,null
2004-01-30,null
2004-02-02,null
2004-02-03,null
2004-02-04,null
2004-02-05,null
2004-02-06,null
2004-02-09,null
2004-02-10,null
2004-02-11,null
2004-02-12,null
2004-02-13,null
2004-02-16,null
2004-02-17,null
2004-02-18,null
2004-02-19,null
2004-02-20,null
2004-02-23,null
2004-02-24,null
2004-02-25,null
2004-02-26,null
2004-02-27,null
2004-03-01,null
2004-03-02,null
2004-03-03,null
2004-03-04,null
2004-03-05,null
2004-03-08,null
2004-03-09,null
2004-03-10,null
2004-03-11,null
2004-03-12,null
2004-03-15,null
2004-03-16,null
2004-03-17,null
2004-03-18,null
2004-03-19,null
2004-03-22,null
2004-03-23,null
2004-03-24,null
2004-03-25,null
2004-03-26,null
2004-03-29,null
2004-03-30,null
2004-03-31,null
2004-04-01,null
2004-04-02,null
2004-04-05,null
2004-04-06,null
2004-04-07,null
2004-04-08,null
2004-04-09,null
2004-04-12,null
2004-04-13,null
2004-04-14,null
2004-04-15,null
2004-04-16,null
2004-04-19,null
2004-04-20,null
2004-04-21,null
2004-04-22,null
2004-04-23,null
2004-04-26,null
2004-04-27,null
2004-04-28,null
2004-04-29,null
2004-04-30,null
2004-05-03,null
2004-05-04,null
2004-05-05,null
2004-05-06,null
2004-05-07,null
2004-05-10,null
2004-05-11,null
2004-05-12,null
2004-05-13,null
2004-05-14,null
2004-05-17,null
2004-05-18,null
2004-05-19,null
2004-05-20,null
2004-05-21,null
2004-05-24,null
2004-05-25,null
2004-05-26,null
2004-05-27,null
2004-05-28,null
2004-05-31,null
2004-06-01,null
2004-06-02,null
2004-06-03,null
2004-06-04,null
2004-06-07,null
2004-06-08,null
2004-06-09,null
2004-06-10,null
2004-06-11,null
2004-06-14,null
2004-06-15,null
2004-06-16,null
2004-06-17,null
2004-06-18,null
2004-06-21,null
2004-06-22,null
2004-06-23,null
2004-06-24,null
2004-06-25,null
2004-06-28,null
2004-06-29,null
2004-06-30,null
2004-07-01,null
2004-07-02,null
2004-07-05,null
2004-07-06,null
2004-07-07,null
2004-07-08,null
2004-07-09,null
2004-07-12,null
2004-07-13,null
2004-07-14,null
2004-07-15,null
2004-07-16,null
2004-07-19,null
2004-07-20,null
2004-07-21,null
2004-07-22,null
2004-07-23,null
2004-07-26,null
2004-07-27,null
2004-07-28,null
2004-07-29,null
2004-07-30,null
2004-08-02,null
2004-08-03,null
2004-08-04,null
2004-08-05,null
2004-08-06,null
2004-08-09,null
2004-08-10,null
2004-08-11,null
2004-08-12,null
2004-08-13,null
2004-08-16,null
2004-08-17,null
2004-08-18,null
2004-08-19,null
2004-08-20,null
2004-08-23,null
2004-08-24,null
2004-08-25,null
2004-08-26,null
2004-08-27,null
2004-08-30,null
2004-08-31,null
2004-09-01,null
2004-09-02,null
2004-09-03,null
2004-09-06,null
2004-09-07,null
2004-09-08,null
2004-09-09,null
2004-09-10,null
2004-09-13,null
2004-09-14,null
2004-09-15,null
2004-09-16,null
2004-09-17,null
2004-09-20,null
2004-09-21,null
2004-09-22,null
2004-09-23,null
2004-09-24,null
2004-09-27,null
2004-09-28,null
2004-09-29,null
2004-09-30,null
2004-10-01,null
2004-10-04,null
2004-10-05,null
2004-10-06,null
2004-10-07,null
2004-10-08,null
2004-10-11,null
2004-10-12,null
2004-10-13,null
2004-10-14,null
2004-10-15,null
2004-10-18,null
2004-10-19,null
2004-10-20,null
2004-10-21,null
2004-10-22,null
2004-10-25,null
2004-10-26,null
2004-10-27,null
2004-10-28,null
2004-10-29,null
2004-11-01,null
2004-11-02,null
2004-11-03,null
2004-11-04,null
2004-11-05,null
2004-11-08,null
2004-11-09,null
2004-11-10,null
2004-11-11,null
2004-11-12,null
2004-11-15,null
2004-11-16,null
2004-11-17,null
2004-11-18,null
2004-11-19,null
2004-11-22,null
2004-11-23,null
2004-11-24,null
2004-11-25,null
2004-11-26,null
2004-11-29,null
2004-11-30,null
2004-12-01,null
2004-12-02,null
2004-12-03,null
2004-12-06,null
2004-12-07,null
2004-12-08,null
2004-12-09,null
2004-12-10,null
2004-12-13,null
2004-12-14,null
2004-12-15,null
2004-12-16,null
2004-12-17,null
2004-12-20,null
2004-12-21,null
2004-12-22,null
2004-12-23,null
2004-12-24,null
2004-12-27,null
2004-12-28,null
2004-12-29,null
2004-12-30,null
2004-12-31,null
2005-01-03,null
2005-01-04,null
2005-01-05,null
2005-01-06,null
2005-01-07,null
2005-01-10,null
2005-01-11,null
2005-01-12,null
2005-01-13,null
2005-01-14,null
2005-01-17,null
2005-01-18,null
2005-01-19,null
2005-01-20,null
2005-01-21,null
2005-01-24,null
2005-01-25,null
2005-01-26,null
2005-01-27,null
2005-01-28,null
2005-01-31,null
2005-02-01,null
2005-02-02,null
2005-02-03,null
2005-02-04,null
2005-02-07,null
2005-02-08,null
2005-02-09,null
2005-02-10,null
2005-02-11,null
2005-02-14,null
2005-02-15,null
2005-02-16,null
2005-02-17,null
2005-02-18,null
2005-02-21,null
2005-02-22,null
2005-02-23,null
2005-02-24,null
2005-02-25,null
2005-02-28,null
2005-03-01,null
2005-03-02,null
2005-03-03,null
2005-03-04,null
2005-03-07,null
2005-03-08,null
2005-03-09,null
2005-03-10,null
2005-03-11,null
2005-03-14,null
2005-03-15,null
2005-03-16,null
2005-03-17,null
2005-03-18,null
2005-03-21,null
2005-03-22,null
2005-03-23,null
2005-03-24,null
2005-03-25,null
2005-03-28,null
2005-03-29,null
2005-03-30,null
2005-03-31,null
2005-04-01,null
2005-04-04,null
2005-04-05,null
2005-04-06,null
2005-04-07,null
2005-04-08,null
2005-04-11,null
2005-04-12,null
2005-04-13,null
2005-04-14,null
2005-04-15,null
2005-04-18,null
2005-04-19,null
2005-04-20,null
2005-04-21,null
2005-04-22,null
2005-04-25,null
2005-04-26,null
2005-04-27,null
2005-04-28,null
2005-04-29,null
2005-05-02,null
2005-05-03,null
2005-05-04,null
2005-05-05,null
2005-05-06,null
2005-05-09,null
2005-05-10,null
2005-05-11,null
2005-05-12,null
2005-05-13,null
2005-05-16,null
2005-05-17,null
2005-05-18,null
2005-05-19,null
2005-05-20,null
2005-05-23,null
2005-05-24,null
2005-05-25,null
2005-05-26,null
2005-05-27,null
2005-05-30,null
2005-05-31,null
2005-06-01,null
2005-06-02,null
2005-06-03,null
2005-06-06,null
2005-06-07,null
2005-06-08,null
2005-06-09,null
2005-06-10,null
2005-06-13,null
2005-06-14,null
2005-06-15,null
2005-06-16,null
2005-06-17,null
2005-06-20,null
2005-06-21,null
2005-06-22,null
2005-06-23,null
2005-06-24,null
2005-06-27,null
2005-06-28,null
2005-06-29,null
2005-06-30,null
2005-07-01,null
2005-07-04,null
2005-07-05,null
2005-07-06,null
2005-07-07,null
2005-07-08,null
2005-07-11,null
2005-07-12,null
2005-07-13,null
2005-07-14,null
2005-07-15,null
2005-07-18,null
2005-07-19,null
2005-07-20,null
2005-07-21,null
2005-07-22,null
2005-07-25,null
2005-07-26,null
2005-07-27,null
2005-07-28,null
2005-07-29,null
2005-08-01,null
2005-08-02,null
2005-08-03,null
2005-08-04,null
2005-08-05,null
2005-08-08,null
2005-08-09,null
2005-08-10,null
2005-08-11,null
2005-08-12,null
2005-08-15,null
2005-08-16,null
2005-08-17,null
2005-08-18,null
2005-08-19,null
2005-08-22,null
2005-08-23,null
2005-08-24,null
2005-08-25,null
2005-08-26,null
2005-08-29,null
2005-08-30,null
2005-08-31,null
2005-09-01,null
2005-09-02,null
2005-09-05,null
2005-09-06,null
2005-09-07,null
2005-09-08,null
2005-09-09,null
2005-09-12,null
2005-09-13,null
2005-09-14,null
2005-09-15,null
2005-09-16,null
2005-09-19,null
2005-09-20,null
2005-09-21,null
2005-09-22,null
2005-09-23,null
2005-09-26,null
2005-09-27,null
2005-09-28,null
2005-09-29,null
2005-09-30,null
2005-10-03,null
2005-10-04,null
2005-10-05,null
2005-10-06,null
2005-10-07,null
2005-10-10,null
2005-10-11,null
2005-10-12,null
2005-10-13,null
2005-10-14,null
2005-10-17,null
2005-10-18,null
2005-10-19,null
2005-10-20,null
2005-10-21,null
2005-10-24,null
2005-10-25,null
2005-10-26,null
2005-10-27,null
2005-10-28,null
2005-10-31,null
2005-11-01,null
2005-11-02,null
2005-11-03,null
2005-11-04,null
2005-11-07,null
2005-11-08,null
2005-11-09,null
2005-11-10,null
2005-11-11,null
2005-11-14,null
2005-11-15,null
2005-11-16,null
2005-11-17,null
2005-11-18,null
2005-11-21,null
2005-11-22,null
2005-11-23,null
2005-11-24,null
2005-11-25,null
2005-11-28,null
2005-11-29,null
2005-11-30,null
2005-12-01,null
2005-12-02,null
2005-12-05,null
2005-12-06,null
2005-12-07,null
2005-12-08,null
2005-12-09,null
2005-12-12,null
2005-12-13,null
2005-12-14,null
2005-12-15,null
2005-12-16,null
2005-12-19,null
2005-12-20,null
2005-12-21,null
2005-12-22,null
2005-12-23,null
2005-12-26,null
2005-12-27,null
2005-12-28,null
2005-12-29,null
2005-12-30,null
2006-01-02,null
2006-01-03,null
2006-01-04,null
2006-01-05,null
2006-01-06,null
2006-01-09,null
2006-01-10,null
2006-01-11,null
2006-01-12,null
2006-01-13,null
2006-01-16,null
2006-01-17,null
2006-01-18,null
2006-01-19,null
2006-01-20,null
2006-01-23,null
2006-01-24,null
2006-01-25,null
2006-01-26,null
2006-01-27,null
2006-01-30,null
2006-01-31,null
2006-02-01,null
2006-02-02,null
2006-02-03,null
2006-02-06,null
2006-02-07,null
2006-02-08,null
2006-02-09,null
2006-02-10,null
2006-02-13,null
2006-02-14,null
2006-02-15,null
2006-02-16,null
2006-02-17,null
2006-02-20,null
2006-02-21,null
2006-02-22,null
2006-02-23,null
2006-02-24,null
2006-02-27,null
2006-02-28,null
2006-03-01,null
2006-03-02,null
2006-03-03,null
2006-03-06,null
2006-03-07,null
2006-03-08,null
2006-03-09,null
2006-03-10,null
2006-03-13,null
2006-03-14,null
2006-03-15,null
2006-03-16,null
2006-03-17,null
2006-03-20,null
2006-03-21,null
2006-03-22,null
2006-03-23,null
2006-03-24,null
2006-03-27,null
2006-03-28,null
2006-03-29,null
2006-03-30,null
2006-03-31,null
2006-04-03,null
2006-04-04,null
2006-04-05,null
2006-04-06,null
2006-04-07,null
2006-04-10,null
2006-04-11,null
2006-04-12,null
2006-04-13,null
2006-04-14,null
2006-04-17,null
2006-04-18,null
2006-04-19,null
2006-04-20,null
2006-04-21,null
2006-04-24,null
2006-04-25,null
2006-04-26,null
2006-04-27,null
2006-04-28,null
2006-05-01,null
2006-05-02,null
2006-05-03,null
2006-05-04,null
2006-05-05,null
2006-05-08,null
2006-05-09,null
2006-05-10,null
2006-05-11,null
2006-05-12,null
2006-05-15,null
2006-05-16,null
2006-05-17,null
2006-05-18,null
2006-05-19,null
2006-05-22,null
2006-05-23,null
2006-05-24,null
2006-05-25,null
2006-05-26,null
2006-05-29,null
2006-05-30,null
2006-05-31,null
2006-06-01,null
2006-06-02,null
2006-06-05,null
2006-06-06,null
2006-06-07,null
2006-06-08,null
2006-06-09,null
2006-06-12,null
2006-06-13,null
2006-06-14,null
2006-06-15,null
2006-06-16,null
2006-06-19,null
2006-06-20,null
2006-06-21,null
2006-06-22,null
2006-06-23,null
2006-06-26,null
2006-06-27,null
2006-06-28,null
2006-06-29,null
2006-06-30,null
2006-07-03,null
2006-07-04,null
2006-07-05,null
2006-07-06,null
2006-07-07,null
2006-07-10,null
2006-07-11,null
2006-07-12,null
2006-07-13,null
2006-07-14,null
2006-07-17,null
2006-07-18,null
2006-07-19,null
2006-07-20,null
2006-07-21,null
2006-07-24,null
2006-07-25,null
2006-07-26,null
2006-07-27,null
2006-07-28,null
2006-07-31,null
2006-08-01,null
2006-08-02,null
2006-08-03,null
2006-08-04,null
2006-08-07,null
2006-08-08,null
2006-08-09,null
2006-08-10,null
2006-08-11,null
2006-08-14,null
2006-08-15,null
2006-08-16,null
2006-08-17,null
2006-08-18,null
2006-08-21,null
2006-08-22,null
2006-08-23,null
2006-08-24,null
2006-08-25,null
2006-08-28,null
2006-08-29,null
2006-08-30,null
2006-08-31,null
2006-09-01,null
2006-09-04,null
2006-09-05,null
2006-09-06,null
2006-09-07,null
2006-09-08,null
2006-09-11,null
2006-09-12,null
2006-09-13,null
2006-09-14,null
2006-09-15,null
2006-09-18,null
2006-09-19,null
2006-09-20,null
2006-09-21,null
2006-09-22,null
2006-09-25,null
2006-09-26,null
2006-09-27,null
2006-09-28,null
2006-09-29,null
2006-10-02,null
2006-10-03,null
2006-10-04,null
2006-10-05,null
2006-10-06,null
2006-10-09,null
2006-10-10,null
2006-10-11,null
2006-10-12,null
2006-10-13,null
2006-10-16,null
2006-10-17,null
2006-10-18,null
2006-10-19,null
2006-10-20,null
2006-10-23,null
2006-10-24,null
2006-10-25,null
2006-10-26,null
2006-10-27,null
2006-10-30,null
2006-10-31,null
2006-11-01,null
2006-11-02,null
2006-11-03,null
2006-11-06,null
2006-11-07,null
2006-11-08,null
2006-11-09,null
2006-11-10,null
2006-11-13,null
2006-11-14,null
2006-11-15,null
2006-11-16,null
2006-11-17,null
2006-11-20,null
2006-11-21,null
2006-11-22,null
2006-11-23,null
2006-11-24,null
2006-11-27,null
2006-11-28,null
2006-11-29,null
2006-11-30,null
2006-12-01,null
2006-12-04,null
2006-12-05,null
2006-12-06,null
2006-12-07,null
2006-12-08,null
2006-12-11,null
2006-12-12,null
2006-12-13,null
2006-12-14,null
2006-12-15,null
2006-12-18,null
2006-12-19,null
2006-12-20,null
2006-12-21,null
2006-12-22,null
2006-12-25,null
2006-12-26,null
2006-12-27,null
2006-12-28,null
2006-12-29,null
2007-01-01,null
2007-01-02,null
2007-01-03,null
2007-01-04,null
2007-01-05,null
2007-01-08,null
2007-01-09,null
2007-01-10,null
2007-01-11,null
2007-01-12,null
2007-01-15,null
2007-01-16,null
2007-01-17,null
2007-01-18,null
2007-01-19,null
2007-01-22,null
2007-01-23,null
2007-01-24,null
2007-01-25,null
2007-01-26,null
2007-01-29,null
2007-01-30,null
2007-01-31,null
2007-02-01,null
2007-02-02,null
2007-02-05,null
2007-02-06,null
2007-02-07,null
2007-02-08,null
2007-02-09,null
2007-02-12,null
2007-02-13,null
2007-02-14,null
2007-02-15,null
2007-02-16,null
2007-02-19,null
2007-02-20,null
2007-02-21,null
2007-02-22,null
2007-02-23,null
2007-02-26,null
2007-02-27,null
2007-02-28,null
2007-03-01,null
2007-03-02,null
2007-03-05,null
2007-03-06,null
2007-03-07,null
2007-03-08,null
2007-03-09,null
2007-03-12,null
2007-03-13,null
2007-03-14,null
2007-03-15,null
2007-03-16,null
2007-03-19,null
2007-03-20,null
2007-03-21,null
2007-03-22,null
2007-03-23,null
2007-03-26,null
2007-03-27,null
2007-03-28,null
2007-03-29,null
2007-03-30,null
2007-04-02,null
2007-04-03,null
2007-04-04,null
2007-04-05,null
2007-04-06,null
2007-04-09,null
2007-04-10,null
2007-04-11,null
2007-04-12,null
2007-04-13,null
2007-04-16,null
2007-04-17,null
2007-04-18,null
2007-04-19,null
2007-04-20,null
2007-04-23,null
2007-04-24,null
2007-04-25,null
2007-04-26,null
2007-04-27,null
2007-04-30,null
2007-05-01,null
2007-05-02,null
2007-05-03,null
2007-05-04,null
2007-05-07,null
2007-05-08,null
2007-05-09,null
2007-05-10,null
2007-05-11,null
2007-05-14,null
2007-05-15,null
2007-05-16,null
2007-05-17,null
2007-05-18,null
2007-05-21,null
2007-05-22,null
2007-05-23,null
2007-05-24,null
2007-05-25,null
2007-05-28,null
2007-05-29,null
2007-05-30,null
2007-05-31,null
2007-06-01,null
2007-06-04,null
2007-06-05,null
2007-06-06,null
2007-06-07,null
2007-06-08,null
2007-06-11,null
2007-06-12,null
2007-06-13,null
2007-06-14,null
2007-06-15,null
2007-06-18,null
2007-06-19,null
2007-06-20,null
2007-06-21,null
2007-06-22,null
2007-06-25,null
2007-06-26,null
2007-06-27,null
2007-06-28,null
2007-06-29,null
2007-07-02,null
2007-07-03,null
2007-07-04,null
2007-07-05,null
2007-07-06,null
2007-07-09,null
2007-07-10,null
2007-07-11,null
2007-07-12,null
2007-07-13,null
2007-07-16,null
2007-07-17,null
2007-07-18,null
2007-07-19,null
2007-07-20,null
2007-07-23,null
2007-07-24,null
2007-07-25,null
2007-07-26,null
2007-07-27,null
2007-07-30,null
2007-07-31,null
2007-08-01,null
2007-08-02,null
2007-08-03,null
2007-08-06,null
2007-08-07,null
2007-08-08,null
2007-08-09,null
2007-08-10,null
2007-08-13,null
2007-08-14,null
2007-08-15,null
2007-08-16,null
2007-08-17,null
2007-08-20,null
2007-08-21,null
2007-08-22,null
2007-08-23,null
2007-08-24,null
2007-08-27,null
2007-08-28,null
2007-08-29,null
2007-08-30,null
2007-08-31,null
2007-09-03,null
2007-09-04,null
2007-09-05,null
2007-09-06,null
2007-09-07,null
2007-09-10,null
2007-09-11,null
2007-09-12,null
2007-09-13,null
2007-09-14,null
2007-09-17,null
2007-09-18,null
2007-09-19,null
2007-09-20,null
2007-09-21,null
2007-09-24,null
2007-09-25,null
2007-09-26,null
2007-09-27,null
2007-09-28,null
2007-10-01,null
2007-10-02,null
2007-10-03,null
2007-10-04,null
2007-10-05,null
2007-10-08,null
2007-10-09,null
2007-10-10,null
2007-10-11,null
2007-10-12,null
2007-10-15,null
2007-10-16,null
2007-10-17,null
2007-10-18,null
2007-10-19,null
2007-10-22,null
2007-10-23,null
2007-10-24,null
2007-10-25,null
2007-10-26,null
2007-10-29,null
2007-10-30,null
2007-10-31,null
2007-11-01,null
2007-11-02,null
2007-11-05,null
2007-11-06,null
2007-11-07,null
2007-11-08,null
2007-11-09,null
2007-11-12,null
2007-11-13,null
2007-11-14,null
2007-11-15,null
2007-11-16,null
2007-11-19,null
2007-11-20,null
2007-11-21,null
2007-11-22,null
2007-11-23,null
2007-11-26,null
2007-11-27,null
2007-11-28,null
2007-11-29,null
2007-11-30,null
2007-12-03,null
2007-12-04,null
2007-12-05,null
2007-12-06,null
2007-12-07,null
2007-12-10,null
2007-12-11,null
2007-12-12,null
2007-12-13,null
2007-12-14,null
2007-12-17,null
2007-12-18,null
2007-12-19,null
2007-12-20,null
2007-12-21,null
2007-12-24,null
2007-12-25,null
2007-12-26,null
2007-12-27,null
2007-12-28,null
2007-12-31,null
2008-01-01,null
2008-01-02,null
2008-01-03,null
2008-01-04,null
2008-01-07,null
2008-01-08,null
2008-01-09,null
2008-01-10,null
2008-01-11,null
2008-01-14,null
2008-01-15,null
2008-01-16,null
2008-01-17,null
2008-01-18,100.04
2008-01-21,100.04
2008-01-22,100.04
2008-01-23,100.04
2008-01-24,100.04
2008-01-25,100.04
2008-01-28,100.04
2008-01-29,100.1
2008-01-30,100.12
2008-01-31,100.13
2008-02-01,100.13
2008-02-04,100.16
2008-02-05,100.17
2008-02-06,100.17
2008-02-07,100.18
2008-02-08,100.19
2008-02-11,100.21
2008-02-12,100.22
2008-02-13,100.23
2008-02-14,100.24
2008-02-15,100.25
2008-02-18,100.27
2008-02-19,100.28
2008-02-20,100.29
2008-02-21,100.29
2008-02-22,100.3
2008-02-25,100.32
2008-02-26,100.33
2008-02-27,100.33
2008-02-28,100.35
2008-02-29,100.36
2008-03-03,100.38
2008-03-04,100.39
2008-03-05,100.4
2008-03-06,100.41
2008-03-07,100.41
2008-03-10,100.44
2008-03-11,100.45
2008-03-12,100.45
2008-03-13,100.46
2008-03-14,100.46
2008-03-17,100.5
2008-03-18,100.5
2008-03-19,100.51
2008-03-20,100.52
2008-03-21,100.52
2008-03-24,100.52
2008-03-25,100.57
2008-03-26,100.57
2008-03-27,100.58
2008-03-28,100.58
2008-03-31,100.61
2008-04-01,100.62
2008-04-02,100.63
2008-04-03,100.64
2008-04-04,100.65
2008-04-07,100.65
2008-04-08,100.68
2008-04-09,100.69
2008-04-10,100.69
2008-04-11,100.7
2008-04-14,100.73
2008-04-15,100.73
2008-04-16,100.74
2008-04-17,100.75
2008-04-18,100.76
2008-04-21,100.78
2008-04-22,100.79
2008-04-23,100.8
2008-04-24,100.81
2008-04-25,100.81
2008-04-28,100.84
2008-04-29,100.85
2008-04-30,100.86
2008-05-01,100.86
2008-05-02,100.87
2008-05-05,100.9
2008-05-06,100.91
2008-05-07,100.91
2008-05-08,100.91
2008-05-09,100.91
2008-05-12,100.91
2008-05-13,100.96
2008-05-14,100.97
2008-05-15,100.92
2008-05-16,99.49
2008-05-19,99.45
2008-05-20,99.17
2008-05-21,99.17
2008-05-22,98.49
2008-05-23,98.31
2008-05-26,98.29
2008-05-27,98.29
2008-05-28,98.14
2008-05-29,97.99
2008-05-30,98.28
2008-06-02,98.28
2008-06-03,98.16
2008-06-04,98.36
2008-06-05,97.33
2008-06-06,96.98
2008-06-09,96.13
2008-06-10,95.81
2008-06-11,95.81
2008-06-12,95.58
2008-06-13,95.58
2008-06-16,95.64
2008-06-17,95.94
2008-06-18,95.75
2008-06-19,95.25
2008-06-20,95.25
2008-06-23,94.93
2008-06-24,94.91
2008-06-25,95.08
2008-06-26,94.97
2008-06-27,94.7
2008-06-30,94.7
2008-07-01,94.12
2008-07-02,94.12
2008-07-03,94.4
2008-07-04,94.39
2008-07-07,94.39
2008-07-08,94.61
2008-07-09,94.61
2008-07-10,94.69
2008-07-11,93.92
2008-07-14,93.92
2008-07-15,93.92
2008-07-16,93.92
2008-07-17,94.16
2008-07-18,94.16
2008-07-21,93.78
2008-07-22,94.03
2008-07-23,94.03
2008-07-24,94.93
2008-07-25,94.57
2008-07-28,94.75
2008-07-29,94.86
2008-07-30,94.86
2008-07-31,95.8
2008-08-01,95.38
2008-08-04,95.18
2008-08-05,95.82
2008-08-06,96.18
2008-08-07,96.52
2008-08-08,96.52
2008-08-11,97.06
2008-08-12,97.16
2008-08-13,96.66
2008-08-14,96.73
2008-08-15,96.73
2008-08-18,97.17
2008-08-19,96.37
2008-08-20,96.43
2008-08-21,95.95
2008-08-22,95.96
2008-08-25,95.96
2008-08-26,96.5
2008-08-27,96.31
2008-08-28,96.52
2008-08-29,96.86
2008-09-01,97.02
2008-09-02,96.93
2008-09-03,96.68
2008-09-04,96.37
2008-09-05,95.82
2008-09-08,96.59
2008-09-09,96.45
2008-09-10,96.22
2008-09-11,95.78
2008-09-12,95.78
2008-09-15,94.99
2008-09-16,94.16
2008-09-17,93.68
2008-09-18,93.04
2008-09-19,94.42
2008-09-22,94.2
2008-09-23,93.96
2008-09-24,93.96
2008-09-25,94.69
2008-09-26,95.01
2008-09-29,95.23
2008-09-30,94.15
2008-10-01,94.34
2008-10-02,94.36
2008-10-03,94.36
2008-10-06,93.7
2008-10-07,93.62
2008-10-08,91.9
2008-10-09,91.31
2008-10-10,91.31
2008-10-13,91.31
2008-10-14,91.7
2008-10-15,91.7
2008-10-16,93.2
2008-10-17,94.18
2008-10-20,94.18
2008-10-21,92.53
2008-10-22,92.15
2008-10-23,92.2
2008-10-24,91.63
2008-10-27,90.83
2008-10-28,91.81
2008-10-29,91.81
2008-10-30,94.15
2008-10-31,93.51
2008-11-03,93.98
2008-11-04,95.17
2008-11-05,95.17
2008-11-06,94.72
2008-11-07,94.89
2008-11-10,95.66
2008-11-11,95.66
2008-11-12,95.66
2008-11-13,94.02
2008-11-14,94.53
2008-11-17,94.34
2008-11-18,94.28
2008-11-19,94.14
2008-11-20,94.18
2008-11-21,94.21
2008-11-24,94.68
2008-11-25,95.64
2008-11-26,96.04
2008-11-27,96.44
2008-11-28,96.52
2008-12-01,96.52
2008-12-02,96.96
2008-12-03,96.96
2008-12-04,97.15
2008-12-05,96.9
2008-12-08,96.95
2008-12-09,96.81
2008-12-10,97.1
2008-12-11,97.16
2008-12-12,96.19
2008-12-15,96.7
2008-12-16,97.21
2008-12-17,97.98
2008-12-18,97.97
2008-12-19,97.65
2008-12-22,98.12
2008-12-23,98.12
2008-12-24,97.87
2008-12-25,97.87
2008-12-26,97.87
2008-12-29,98.61
2008-12-30,98.75
2008-12-31,98.75
2009-01-01,98.75
2009-01-02,99.48
2009-01-05,99.62
2009-01-06,99.31
2009-01-07,99.33
2009-01-08,99.56
2009-01-09,99.83
2009-01-12,99.72
2009-01-13,99.57
2009-01-14,99.01
2009-01-15,98.63
2009-01-16,99.03
2009-01-19,98.75
2009-01-20,98.61
2009-01-21,98.66
2009-01-22,98.48
2009-01-23,97.85
2009-01-26,97.6
2009-01-27,98.29
2009-01-28,99.13
2009-01-29,98.92
2009-01-30,98.65
2009-02-02,98.45
2009-02-03,98.52
2009-02-04,99.14
2009-02-05,99.04
2009-02-06,99.3
2009-02-09,99.28
2009-02-10,99.25
2009-02-11,99.25
2009-02-12,99.75
2009-02-13,99.6
2009-02-16,99.57
2009-02-17,99.61
2009-02-18,99.61
2009-02-19,98.85
2009-02-20,98.54
2009-02-23,98.26
2009-02-24,98.39
2009-02-25,98.76
2009-02-26,98.41
2009-02-27,98.32
2009-03-02,97.84
2009-03-03,97.6
2009-03-04,97.9
2009-03-05,97.81
2009-03-06,97.76
2009-03-09,97.56
2009-03-10,98.01
2009-03-11,97.9
2009-03-12,98.23
2009-03-13,98.48
2009-03-16,98.76
2009-03-17,98.61
2009-03-18,98.8
2009-03-19,99.19
2009-03-20,99.48
2009-03-23,99.84
2009-03-24,99.52
2009-03-25,99.75
2009-03-26,100.02
2009-03-27,99.93
2009-03-30,99.52
2009-03-31,100.12
2009-04-01,100.47
2009-04-02,100.52
2009-04-03,100.37
2009-04-06,100.04
2009-04-07,100.04
2009-04-08,100
2009-04-09,100.28
2009-04-10,100.28
2009-04-13,100.28
2009-04-14,100.58
2009-04-15,100.65
2009-04-16,100.75
2009-04-17,100.75
2009-04-20,100.73
2009-04-21,100.67
2009-04-22,100.67
2009-04-23,100.69
2009-04-24,100.88
2009-04-27,100.92
2009-04-28,100.94
2009-04-29,101.09
2009-04-30,101.22
2009-05-01,101.22
2009-05-04,101.05
2009-05-05,101.31
2009-05-06,101.34
2009-05-07,101.31
2009-05-08,101.31
2009-05-11,103.12
2009-05-12,103.08
2009-05-13,102.7
2009-05-14,102.7
2009-05-15,102.66
2009-05-18,103.13
2009-05-19,103.41
2009-05-20,103.4
2009-05-21,103.4
2009-05-22,102.69
2009-05-25,102.55
2009-05-26,102.67
2009-05-27,102.72
2009-05-28,102.72
2009-05-29,102.36
2009-06-01,102.36
2009-06-02,102.36
2009-06-03,102.96
2009-06-04,102.53
2009-06-05,101.95
2009-06-08,102.01
2009-06-09,102.19
2009-06-10,102.38
2009-06-11,102.41
2009-06-12,102.46
2009-06-15,102.08
2009-06-16,101.9
2009-06-17,101.9
2009-06-18,101.49
2009-06-19,102.21
2009-06-22,101.62
2009-06-23,101.41
2009-06-24,101.96
2009-06-25,102.21
2009-06-26,102.28
2009-06-29,102.65
2009-06-30,102.49
2009-07-01,102.95
2009-07-02,102.51
2009-07-03,102.42
2009-07-06,102.25
2009-07-07,101.96
2009-07-08,101.73
2009-07-09,101.62
2009-07-10,101.41
2009-07-13,101.41
2009-07-14,101.41
2009-07-15,102.4
2009-07-16,102.7
2009-07-17,102.73
2009-07-20,103.04
2009-07-21,103.34
2009-07-22,103.51
2009-07-23,104.39
2009-07-24,104.28
2009-07-27,104.28
2009-07-28,103.78
2009-07-29,104.12
2009-07-30,104.72
2009-07-31,105.28
2009-08-03,105.26
2009-08-04,105.07
2009-08-05,104.88
2009-08-06,104.85
2009-08-07,104.85
2009-08-10,105.01
2009-08-11,104.88
2009-08-12,105.03
2009-08-13,105.38
2009-08-14,105.38
2009-08-17,104.78
2009-08-18,104.64
2009-08-19,105.28
2009-08-20,105.67
2009-08-21,106.19
2009-08-24,106.69
2009-08-25,106.93
2009-08-26,107.01
2009-08-27,106.89
2009-08-28,106.98
2009-08-31,106.95
2009-09-01,106.57
2009-09-02,106.35
2009-09-03,106.27
2009-09-04,106.43
2009-09-07,107.1
2009-09-08,107.16
2009-09-09,107.11
2009-09-10,107.11
2009-09-11,107.72
2009-09-14,107.35
2009-09-15,107.34
2009-09-16,107.61
2009-09-17,107.73
2009-09-18,107.6
2009-09-21,107.5
2009-09-22,107.57
2009-09-23,107.72
2009-09-24,107.66
2009-09-25,107.4
2009-09-28,107.71
2009-09-29,107.71
2009-09-30,107.68
2009-10-01,107.27
2009-10-02,106.68
2009-10-05,106.92
2009-10-06,107.36
2009-10-07,107.56
2009-10-08,107.79
2009-10-09,107.67
2009-10-12,107.89
2009-10-13,107.94
2009-10-14,107.97
2009-10-15,107.92
2009-10-16,107.65
2009-10-19,107.96
2009-10-20,108
2009-10-21,107.77
2009-10-22,107.56
2009-10-23,107.33
2009-10-26,107.03
2009-10-27,107.09
2009-10-28,106.54
2009-10-29,106.6
2009-10-30,106.22
2009-11-02,106.22
2009-11-03,105.89
2009-11-04,106.14
2009-11-05,106.13
2009-11-06,106.22
2009-11-09,107.02
2009-11-10,107.19
2009-11-11,107.19
2009-11-12,107.12
2009-11-13,107.06
2009-11-16,107.44
2009-11-17,107.35
2009-11-18,107.4
2009-11-19,106.99
2009-11-20,106.63
2009-11-23,106.88
2009-11-24,106.74
2009-11-25,106.99
2009-11-26,106.55
2009-11-27,106.42
2009-11-30,106.39
2009-12-01,107.47
2009-12-02,107.53
2009-12-03,107.83
2009-12-04,107.83
2009-12-07,108.05
2009-12-08,107.8
2009-12-09,107.54
2009-12-10,107.58
2009-12-11,107.85
2009-12-14,108.11
2009-12-15,108.02
2009-12-16,108.39
2009-12-17,108.39
2009-12-18,108.27
2009-12-21,108.58
2009-12-22,108.76
2009-12-23,108.63
2009-12-24,108.81
2009-12-25,108.81
2009-12-28,108.91
2009-12-29,108.88
2009-12-30,108.54
2009-12-31,108.52
2010-01-01,108.52
2010-01-04,108.52
2010-01-05,109.09
2010-01-06,109.13
2010-01-07,109.24
2010-01-08,109.38
2010-01-11,109.5
2010-01-12,109.29
2010-01-13,109.26
2010-01-14,109.47
2010-01-15,109.13
2010-01-18,109.22
2010-01-19,109.32
2010-01-20,108.73
2010-01-21,108.41
2010-01-22,107.91
2010-01-25,107.8
2010-01-26,107.8
2010-01-27,107.28
2010-01-28,106.92
2010-01-29,107.02
2010-02-01,107.22
2010-02-02,107.88
2010-02-03,107.61
2010-02-04,106.75
2010-02-05,106.02
2010-02-08,106.07
2010-02-09,106.3
2010-02-10,106.31
2010-02-11,106.3
2010-02-12,106.45
2010-02-15,106.48
2010-02-16,106.9
2010-02-17,107.36
2010-02-18,107.73
2010-02-19,107.63
2010-02-22,107.77
2010-02-23,107.58
2010-02-24,107.67
2010-02-25,107.06
2010-02-26,107.44
2010-03-01,108
2010-03-02,108.36
2010-03-03,108.61
2010-03-04,108.48
2010-03-05,108.82
2010-03-08,109.04
2010-03-09,109.19
2010-03-10,109.28
2010-03-11,109.12
2010-03-12,109.2
2010-03-15,109.13
2010-03-16,109.13
2010-03-17,109.95
2010-03-18,109.68
2010-03-19,109.58
2010-03-22,109.61
2010-03-23,109.74
2010-03-24,109.75
2010-03-25,110.19
2010-03-26,110.09
2010-03-29,110.3
2010-03-30,110.35
2010-03-31,110.39
2010-04-01,110.84
2010-04-02,110.84
2010-04-05,110.84
2010-04-06,110.84
2010-04-07,110.82
2010-04-08,110.49
2010-04-09,110.82
2010-04-12,110.89
2010-04-13,110.82
2010-04-14,111.13
2010-04-15,111.27
2010-04-16,110.69
2010-04-19,110.39
2010-04-20,110.72
2010-04-21,110.62
2010-04-22,110.07
2010-04-23,110.32
2010-04-26,110.76
2010-04-27,109.89
2010-04-28,109.36
2010-04-29,109.76
2010-04-30,109.81
2010-05-03,109.76
2010-05-04,108.85
2010-05-05,108.68
2010-05-06,108.3
2010-05-07,107.65
2010-05-10,109.57
2010-05-11,109.57
2010-05-12,109.79
2010-05-13,109.79
2010-05-14,108.95
2010-05-17,108.95
2010-05-18,109.58
2010-05-19,109.58
2010-05-20,108.79
2010-05-21,108.82
2010-05-24,108.82
2010-05-25,108
2010-05-26,108.39
2010-05-27,109.05
2010-05-28,108.99
2010-05-31,108.83
2010-06-01,108.83
2010-06-02,108.89
2010-06-03,109.26
2010-06-04,108.71
2010-06-07,108.41
2010-06-08,108.44
2010-06-09,108.98
2010-06-10,109.37
2010-06-11,109.87
2010-06-14,110.27
2010-06-15,110.41
2010-06-16,110.6
2010-06-17,110.56
2010-06-18,110.43
2010-06-21,110.82
2010-06-22,110.74
2010-06-23,110.26
2010-06-24,109.92
2010-06-25,109.47
2010-06-28,109.71
2010-06-29,108.75
2010-06-30,108.68
2010-07-01,107.93
2010-07-02,107.95
2010-07-05,108.04
2010-07-06,108.6
2010-07-07,108.6
2010-07-08,109.43
2010-07-09,109.7
2010-07-12,109.96
2010-07-13,110.26
2010-07-14,110.26
2010-07-15,109.99
2010-07-16,109.38
2010-07-19,109.19
2010-07-20,109.05
2010-07-21,109.22
2010-07-22,109.67
2010-07-23,109.72
2010-07-26,109.94
2010-07-27,110.02
2010-07-28,110.27
2010-07-29,110.06
2010-07-30,109.96
2010-08-02,110.54
2010-08-03,110.91
2010-08-04,110.78
2010-08-05,110.95
2010-08-06,110.73
2010-08-09,111.12
2010-08-10,110.87
2010-08-11,110.87
2010-08-12,110.38
2010-08-13,110.55
2010-08-16,110.6
2010-08-17,110.73
2010-08-18,110.84
2010-08-19,110.46
2010-08-20,110.3
2010-08-23,110.31
2010-08-24,110.13
2010-08-25,109.79
2010-08-26,109.94
2010-08-27,110.2
2010-08-30,110.34
2010-08-31,110.17
2010-09-01,110.81
2010-09-02,110.76
2010-09-03,110.83
2010-09-06,111.12
2010-09-07,111.07
2010-09-08,110.91
2010-09-09,111.02
2010-09-10,111.04
2010-09-13,111.18
2010-09-14,111.34
2010-09-15,111.35
2010-09-16,110.91
2010-09-17,110.88
2010-09-20,111.14
2010-09-21,110.98
2010-09-22,110.92
2010-09-23,110.96
2010-09-24,111.11
2010-09-27,111.39
2010-09-28,111.39
2010-09-29,111.31
2010-09-30,110.94
2010-10-01,110.81
2010-10-04,110.6
2010-10-05,111.28
2010-10-06,111.77
2010-10-07,111.69
2010-10-08,111.64
2010-10-11,111.72
2010-10-12,111.46
2010-10-13,111.9
2010-10-14,111.94
2010-10-15,111.69
2010-10-18,111.57
2010-10-19,111.42
2010-10-20,111.42
2010-10-21,110.93
2010-10-22,110.84
2010-10-25,110.83
2010-10-26,110.43
2010-10-27,110.43
2010-10-28,109.84
2010-10-29,109.84
2010-11-01,109.84
2010-11-02,109.64
2010-11-03,109.64
2010-11-04,110.39
2010-11-05,110.91
2010-11-08,110.98
2010-11-09,111.04
2010-11-10,110.88
2010-11-11,110.88
2010-11-12,110.36
2010-11-15,110.59
2010-11-16,109.82
2010-11-17,110.05
2010-11-18,110.61
2010-11-19,110.52
2010-11-22,110.44
2010-11-23,110.01
2010-11-24,110.08
2010-11-25,110.16
2010-11-26,109.93
2010-11-29,109.35
2010-11-30,109.34
2010-12-01,109.34
2010-12-02,110.42
2010-12-03,110.28
2010-12-06,110.3
2010-12-07,110.39
2010-12-08,110.39
2010-12-09,110.49
2010-12-10,110.34
2010-12-13,110.53
2010-12-14,110.53
2010-12-15,110.53
2010-12-16,110.37
2010-12-17,110.13
2010-12-20,110.13
2010-12-21,110.88
2010-12-22,111.06
2010-12-23,110.97
2010-12-24,110.86
2010-12-27,110.61
2010-12-28,110.68
2010-12-29,110.9
2010-12-30,110.4
2010-12-31,110.3
2011-01-03,110.72
2011-01-04,111.16
2011-01-05,111.06
2011-01-06,111.12
2011-01-07,111.02
2011-01-10,110.85
2011-01-11,110.85
2011-01-12,111.27
2011-01-13,111.2
2011-01-14,110.94
2011-01-17,110.83
2011-01-18,110.99
2011-01-19,110.74
2011-01-20,110.24
2011-01-21,110.18
2011-01-24,110.45
2011-01-25,110.52
2011-01-26,110.38
2011-01-27,110.29
2011-01-28,109.64
2011-01-31,109.39
2011-02-01,109.75
2011-02-02,110
2011-02-03,110.12
2011-02-04,110.26
2011-02-07,110.69
2011-02-08,110.71
2011-02-09,110.71
2011-02-10,110.34
2011-02-11,110.52
2011-02-14,110.68
2011-02-15,110.73
2011-02-16,111.2
2011-02-17,111.36
2011-02-18,111.25
2011-02-21,111.25
2011-02-22,110.21
2011-02-23,109.82
2011-02-24,109.82
2011-02-25,110
2011-02-28,110
2011-03-01,110.44
2011-03-02,109.8
2011-03-03,109.64
2011-03-04,109.43
2011-03-07,108.88
2011-03-08,109.17
2011-03-09,109.05
2011-03-10,108.58
2011-03-11,107.97
2011-03-14,106.28
2011-03-15,104.31
2011-03-16,104.74
2011-03-17,105.03
2011-03-18,105.3
2011-03-21,105.82
2011-03-22,106.24
2011-03-23,106.11
2011-03-24,106.52
2011-03-25,106.66
2011-03-28,106.34
2011-03-29,106.46
2011-03-30,107.25
2011-03-31,106.99
2011-04-01,107.33
2011-04-04,107.3
2011-04-05,106.97
2011-04-06,106.9
2011-04-07,106.79
2011-04-08,107.13
2011-04-11,106.8
2011-04-12,106.26
2011-04-13,106.5
2011-04-14,106.44
2011-04-15,106.44
2011-04-18,106
2011-04-19,105.85
2011-04-20,106.78
2011-04-21,107.16
2011-04-22,107.16
2011-04-25,107.16
2011-04-26,107.16
2011-04-27,107.47
2011-04-28,108.22
2011-04-29,108.35
2011-05-02,108.63
2011-05-03,108.51
2011-05-04,107.93
2011-05-05,108.14
2011-05-06,108.35
2011-05-09,108.11
2011-05-10,108.48
2011-05-11,108.51
2011-05-12,108.19
2011-05-13,107.9
2011-05-16,107.48
2011-05-17,107.24
2011-05-18,107.57
2011-05-19,107.52
2011-05-20,107.29
2011-05-23,106.64
2011-05-24,106.7
2011-05-25,106.8
2011-05-26,107.19
2011-05-27,107.31
2011-05-30,107.22
2011-05-31,107.87
2011-06-01,107.87
2011-06-02,107.87
2011-06-03,106.65
2011-06-06,106.28
2011-06-07,106.28
2011-06-08,105.82
2011-06-09,106.32
2011-06-10,106.16
2011-06-13,106.16
2011-06-14,106.56
2011-06-15,106.25
2011-06-16,106.02
2011-06-17,106
2011-06-20,106
2011-06-21,106.38
2011-06-22,106.68
2011-06-23,106.25
2011-06-24,106.41
2011-06-27,106.65
2011-06-28,106.76
2011-06-29,107.43
2011-06-30,107.7
2011-07-01,107.89
2011-07-04,108.1
2011-07-05,108.03
2011-07-06,108.28
2011-07-07,108.46
2011-07-08,108.34
2011-07-11,107.92
2011-07-12,107.6
2011-07-13,107.71
2011-07-14,107.71
2011-07-15,107.35
2011-07-18,106.66
2011-07-19,106.97
2011-07-20,107.36
2011-07-21,107.72
2011-07-22,108.13
2011-07-25,107.87
2011-07-26,107.81
2011-07-27,107.36
2011-07-28,107.13
2011-07-29,106.71
2011-08-01,106.39
2011-08-02,105.37
2011-08-03,104.46
2011-08-04,103.63
2011-08-05,102.78
2011-08-08,102.12
2011-08-09,102.42
2011-08-10,101.94
2011-08-11,102.8
2011-08-12,103.7
2011-08-15,103.7
2011-08-16,103.99
2011-08-17,104.05
2011-08-18,103.22
2011-08-19,102.72
2011-08-22,102.72
2011-08-23,100.89
2011-08-24,102.97
2011-08-25,102.97
2011-08-26,102.83
2011-08-29,103.39
2011-08-30,103.42
2011-08-31,103.93
2011-09-01,104.2
2011-09-02,103.58
2011-09-05,102.83
2011-09-06,103.12
2011-09-07,103.64
2011-09-08,103.91
2011-09-09,103.46
2011-09-12,103.22
2011-09-13,103.26
2011-09-14,103.48
2011-09-15,103.83
2011-09-16,104.38
2011-09-19,104.05
2011-09-20,104.38
2011-09-21,104.13
2011-09-22,103.25
2011-09-23,103.5
2011-09-26,103.5
2011-09-27,104.73
2011-09-28,104.35
2011-09-29,104.55
2011-09-30,104.41
2011-10-03,104.33
2011-10-04,104.14
2011-10-05,104.57
2011-10-06,105.11
2011-10-07,105.17
2011-10-10,105.52
2011-10-11,105.69
2011-10-12,105.88
2011-10-13,105.76
2011-10-14,105.7
2011-10-17,105.68
2011-10-18,105.68
2011-10-19,105.73
2011-10-20,105.22
2011-10-21,105.22
2011-10-24,106.16
2011-10-25,105.8
2011-10-26,105.87
2011-10-27,105.87
2011-10-28,106.44
2011-10-31,105.9
2011-11-01,105.9
2011-11-02,105.33
2011-11-03,105.84
2011-11-04,105.46
2011-11-07,105.46
2011-11-08,105.4
2011-11-09,105.18
2011-11-10,104.95
2011-11-11,104.95
2011-11-14,104.95
2011-11-15,105.01
2011-11-16,104.75
2011-11-17,104.13
2011-11-18,103.87
2011-11-21,103.49
2011-11-22,103.48
2011-11-23,103.07
2011-11-24,102.79
2011-11-25,102.83
2011-11-28,103.49
2011-11-29,103.61
2011-11-30,104.79
2011-12-01,104.96
2011-12-02,105.11
2011-12-05,105.33
2011-12-06,105.09
2011-12-07,105.44
2011-12-08,105.25
2011-12-09,105.37
2011-12-12,104.97
2011-12-13,104.78
2011-12-14,104.37
2011-12-15,104.5
2011-12-16,104.4
2011-12-19,104.28
2011-12-20,104.72
2011-12-21,104.38
2011-12-22,104.53
2011-12-23,104.76
2011-12-26,104.76
2011-12-27,104.76
2011-12-28,104.66
2011-12-29,105.09
2011-12-30,105.34
2012-01-02,105.34
2012-01-03,105.92
2012-01-04,105.78
2012-01-05,105.51
2012-01-06,105.2
2012-01-09,105.08
2012-01-10,105.44
2012-01-11,105.49
2012-01-12,105.54
2012-01-13,105.63
2012-01-16,105.58
2012-01-17,105.58
2012-01-18,105.58
2012-01-19,106.13
2012-01-20,106.18
2012-01-23,106.23
2012-01-24,106.11
2012-01-25,106.24
2012-01-26,106.71
2012-01-27,106.44
2012-01-30,106.25
2012-01-31,106.5
2012-02-01,107.1
2012-02-02,107.22
2012-02-03,107.37
2012-02-06,107.5
2012-02-07,107.46
2012-02-08,107.47
2012-02-09,107.49
2012-02-10,107.23
2012-02-13,107.53
2012-02-14,107.76
2012-02-15,108.41
2012-02-16,108.48
2012-02-17,108.88
2012-02-20,109.22
2012-02-21,109.13
2012-02-22,109.06
2012-02-23,109
2012-02-24,109.29
2012-02-27,109.19
2012-02-28,109.47
2012-02-29,109.5
2012-03-01,109.77
2012-03-02,110.01
2012-03-05,109.71
2012-03-06,108.8
2012-03-07,109.03
2012-03-08,109.79
2012-03-09,110.08
2012-03-12,109.95
2012-03-13,110.35
2012-03-14,110.48
2012-03-15,110.6
2012-03-16,110.44
2012-03-19,110.53
2012-03-20,110.12
2012-03-21,110
2012-03-22,109.47
2012-03-23,109.27
2012-03-26,109.27
2012-03-27,109.46
2012-03-28,109.09
2012-03-29,109.09
2012-03-30,108.84
2012-04-02,109.12
2012-04-03,108.43
2012-04-04,108.43
2012-04-05,107.51
2012-04-06,107.51
2012-04-09,107.51
2012-04-10,107.51
2012-04-11,106.52
2012-04-12,106.8
2012-04-13,106.37
2012-04-16,106.42
2012-04-17,106.42
2012-04-18,106.83
2012-04-19,106.3
2012-04-20,106.36
2012-04-23,105.73
2012-04-24,105.88
2012-04-25,106.38
2012-04-26,106.49
2012-04-27,106.68
2012-04-30,106.39
2012-05-01,106.39
2012-05-02,106.23
2012-05-03,106.07
2012-05-04,105.82
2012-05-07,105.98
2012-05-08,105.98
2012-05-09,105.11
2012-05-10,105.36
2012-05-11,105.3
2012-05-14,104.94
2012-05-15,104.78
2012-05-16,104.7
2012-05-17,104.7
2012-05-18,104.38
2012-05-21,104.53
2012-05-22,105
2012-05-23,104.77
2012-05-24,104.77
2012-05-25,105.35
2012-05-28,105.35
2012-05-29,105.5
2012-05-30,105.52
2012-05-31,105.52
2012-06-01,105.19
2012-06-04,105.15
2012-06-05,105.2
2012-06-06,105.35
2012-06-07,105.11
2012-06-08,105.09
2012-06-11,105.15
2012-06-12,104.94
2012-06-13,104.74
2012-06-14,104.87
2012-06-15,105.31
2012-06-18,105.25
2012-06-19,105.22
2012-06-20,105.14
2012-06-21,105.25
2012-06-22,105.15
2012-06-25,104.93
2012-06-26,104.87
2012-06-27,105.06
2012-06-28,105.14
2012-06-29,105.81
2012-07-02,105.94
2012-07-03,106.48
2012-07-04,106.67
2012-07-05,106.71
2012-07-06,106.36
2012-07-09,106.18
2012-07-10,106.22
2012-07-11,106.21
2012-07-12,105.97
2012-07-13,106.14
2012-07-16,106.08
2012-07-17,106.03
2012-07-18,106.23
2012-07-19,106.36
2012-07-20,106.05
2012-07-23,105.61
2012-07-24,105.31
2012-07-25,105.19
2012-07-26,105.72
2012-07-27,106.04
2012-07-30,106.53
2012-07-31,106.65
2012-08-01,106.64
2012-08-02,106.23
2012-08-03,106.53
2012-08-06,107.1
2012-08-07,107.61
2012-08-08,107.89
2012-08-09,108.11
2012-08-10,107.94
2012-08-13,107.8
2012-08-14,107.9
2012-08-15,107.9
2012-08-16,108.33
2012-08-17,108.69
2012-08-20,108.71
2012-08-21,108.97
2012-08-22,108.82
2012-08-23,108.78
2012-08-24,108.74
2012-08-27,108.92
2012-08-28,108.69
2012-08-29,108.71
2012-08-30,108.34
2012-08-31,108.3
2012-09-03,108.17
2012-09-04,107.9
2012-09-05,107.9
2012-09-06,107.8
2012-09-07,108
2012-09-10,107.97
2012-09-11,107.97
2012-09-12,108.17
2012-09-13,108.19
2012-09-14,108.84
2012-09-17,108.79
2012-09-18,108.56
2012-09-19,108.95
2012-09-20,108.71
2012-09-21,108.87
2012-09-24,108.53
2012-09-25,108.5
2012-09-26,107.77
2012-09-27,107.91
2012-09-28,107.55
2012-10-01,107.55
2012-10-02,107.29
2012-10-03,107.29
2012-10-04,107.38
2012-10-05,107.59
2012-10-08,107.44
2012-10-09,107.11
2012-10-10,106.71
2012-10-11,106.7
2012-10-12,106.52
2012-10-15,106.59
2012-10-16,106.93
2012-10-17,106.93
2012-10-18,107.64
2012-10-19,107.44
2012-10-22,107.46
2012-10-23,107.08
2012-10-24,107.22
2012-10-25,107.32
2012-10-26,107.2
2012-10-29,107.18
2012-10-30,107.17
2012-10-31,107.13
2012-11-01,107.13
2012-11-02,107.59
2012-11-05,107.4
2012-11-06,107.54
2012-11-07,107.22
2012-11-08,107.05
2012-11-09,106.96
2012-11-12,106.72
2012-11-13,106.72
2012-11-14,106.62
2012-11-15,106.84
2012-11-16,107.01
2012-11-19,107.42
2012-11-20,107.36
2012-11-21,107.46
2012-11-22,107.82
2012-11-23,107.99
2012-11-26,107.97
2012-11-27,108.01
2012-11-28,108.01
2012-11-29,108.36
2012-11-30,108.36
2012-12-03,108.52
2012-12-04,108.61
2012-12-05,108.86
2012-12-06,109.28
2012-12-07,109.39
2012-12-10,109.37
2012-12-11,109.53
2012-12-12,109.6
2012-12-13,109.6
2012-12-14,109.98
2012-12-17,110.07
2012-12-18,110.49
2012-12-19,110.49
2012-12-20,111.05
2012-12-21,110.98
2012-12-24,111.02
2012-12-25,111.02
2012-12-26,111.02
2012-12-27,111.86
2012-12-28,111.61
2012-12-31,111.61
2013-01-01,111.61
2013-01-02,112.56
2013-01-03,112.4
2013-01-04,112.68
2013-01-07,112.28
2013-01-08,111.98
2013-01-09,111.98
2013-01-10,112.35
2013-01-11,112.47
2013-01-14,112.43
2013-01-15,112.33
2013-01-16,111.97
2013-01-17,111.89
2013-01-18,112.09
2013-01-21,111.81
2013-01-22,111.38
2013-01-23,110.95
2013-01-24,110.95
2013-01-25,111.67
2013-01-28,111.39
2013-01-29,111.39
2013-01-30,111.71
2013-01-31,111.4
2013-02-01,111.89
2013-02-04,111.89
2013-02-05,111.03
2013-02-06,111.02
2013-02-07,110.68
2013-02-08,111.01
2013-02-11,110.87
2013-02-12,111.27
2013-02-13,111.39
2013-02-14,111.24
2013-02-15,111.01
2013-02-18,111.3
2013-02-19,111.94
2013-02-20,111.63
2013-02-21,110.66
2013-02-22,111.59
2013-02-25,112.11
2013-02-26,110.85
2013-02-27,111.29
2013-02-28,111.29
2013-03-01,111.61
2013-03-04,111.61
2013-03-05,112.65
2013-03-06,112.91
2013-03-07,113.12
2013-03-08,113.96
2013-03-11,113.85
2013-03-12,113.7
2013-03-13,113.59
2013-03-14,114.37
2013-03-15,114.26
2013-03-18,113.76
2013-03-19,113.25
2013-03-20,113.88
2013-03-21,113.57
2013-03-22,113.21
2013-03-25,112.69
2013-03-26,112.61
2013-03-27,112.17
2013-03-28,112.45
2013-03-29,112.45
2013-04-01,112.45
2013-04-02,113
2013-04-03,112.48
2013-04-04,112.49
2013-04-05,111.85
2013-04-08,111.89
2013-04-09,111.78
2013-04-10,112.99
2013-04-11,113.44
2013-04-12,112.71
2013-04-15,112.45
2013-04-16,112.13
2013-04-17,111.25
2013-04-18,111.31
2013-04-19,111.57
2013-04-22,111.71
2013-04-23,113.21
2013-04-24,114.06
2013-04-25,114.28
2013-04-26,113.84
2013-04-29,114.61
2013-04-30,114.53
2013-05-01,114.53
2013-05-02,114.76
2013-05-03,115.61
2013-05-06,115.51
2013-05-07,115.76
2013-05-08,115.76
2013-05-09,115.76
2013-05-10,116.96
2013-05-13,117.05
2013-05-14,117.43
2013-05-15,118.06
2013-05-16,118.04
2013-05-17,118.44
2013-05-20,118.44
2013-05-21,119.01
2013-05-22,119.46
2013-05-23,117.6
2013-05-24,117.6
2013-05-27,117.48
2013-05-28,118.7
2013-05-29,117.43
2013-05-30,117.4
2013-05-31,116.84
2013-06-03,115.87
2013-06-04,116.27
2013-06-05,114.96
2013-06-06,114.08
2013-06-07,114.9
2013-06-10,115.05
2013-06-11,114.13
2013-06-12,113.87
2013-06-13,113.38
2013-06-14,113.54
2013-06-17,114.61
2013-06-18,114.61
2013-06-19,114.03
2013-06-20,111.97
2013-06-21,111.28
2013-06-24,110.28
2013-06-25,110.28
2013-06-26,110.28
2013-06-27,112.47
2013-06-28,112.38
2013-07-01,112.87
2013-07-02,112.65
2013-07-03,112.14
2013-07-04,113.75
2013-07-05,112.83
2013-07-08,113.91
2013-07-09,114.41
2013-07-10,114.28
2013-07-11,114.65
2013-07-12,114.44
2013-07-15,114.67
2013-07-16,114.22
2013-07-17,114.64
2013-07-18,115.49
2013-07-19,115.37
2013-07-22,115.56
2013-07-23,115.43
2013-07-24,116.02
2013-07-25,115.72
2013-07-26,115.48
2013-07-29,115.26
2013-07-30,115.79
2013-07-31,115.71
2013-08-01,116.86
2013-08-02,117.14
2013-08-05,116.82
2013-08-06,116.58
2013-08-07,116.34
2013-08-08,116.67
2013-08-09,116.92
2013-08-12,116.9
2013-08-13,117.36
2013-08-14,117.76
2013-08-15,117.76
2013-08-16,117.34
2013-08-19,116.74
2013-08-20,115.85
2013-08-21,115.52
2013-08-22,116.37
2013-08-23,116.81
2013-08-26,116.68
2013-08-27,115.09
2013-08-28,114.76
2013-08-29,115.14
2013-08-30,114.28
2013-09-02,115.68
2013-09-03,115.5
2013-09-04,115.82
2013-09-05,116.12
2013-09-06,116.42
2013-09-09,116.65
2013-09-10,118.02
2013-09-11,118.27
2013-09-12,118.2
2013-09-13,118.37
2013-09-16,119.21
2013-09-17,118.97
2013-09-18,119.37
2013-09-19,120.13
2013-09-20,119.95
2013-09-23,119.24
2013-09-24,119.71
2013-09-25,119.68
2013-09-26,119.78
2013-09-27,119.71
2013-09-30,119.05
2013-10-01,120.1
2013-10-02,119.53
2013-10-03,119.22
2013-10-04,119.82
2013-10-07,119.52
2013-10-08,118.96
2013-10-09,118.94
2013-10-10,120.73
2013-10-11,121.03
2013-10-14,121.14
2013-10-15,121.88
2013-10-16,122.08
2013-10-17,122.01
2013-10-18,122.6
2013-10-21,122.6
2013-10-22,123.09
2013-10-23,122.07
2013-10-24,122.59
2013-10-25,122.1
2013-10-28,121.87
2013-10-29,122.6
2013-10-30,122.51
2013-10-31,123.11
2013-11-01,123.11
2013-11-04,122.95
2013-11-05,122.21
2013-11-06,122.68
2013-11-07,122.46
2013-11-08,121.89
2013-11-11,121.89
2013-11-12,122.19
2013-11-13,121.87
2013-11-14,122.86
2013-11-15,122.91
2013-11-18,123.62
2013-11-19,122.83
2013-11-20,122.74
2013-11-21,122.8
2013-11-22,123.05
2013-11-25,123.64
2013-11-26,123.26
2013-11-27,123.86
2013-11-28,124.23
2013-11-29,124
2013-12-02,123.8
2013-12-03,121.84
2013-12-04,121.05
2013-12-05,119.94
2013-12-06,120.64
2013-12-09,120.86
2013-12-10,119.98
2013-12-11,119.47
2013-12-12,118.76
2013-12-13,118.5
2013-12-16,120.08
2013-12-17,119.18
2013-12-18,120.13
2013-12-19,121.75
2013-12-20,122.45
2013-12-23,123.05
2013-12-24,123.22
2013-12-25,123.22
2013-12-26,123.22
2013-12-27,124.57
2013-12-30,124.46
2013-12-31,124.68
2014-01-01,124.68
2014-01-02,123.03
2014-01-03,123.5
2014-01-06,123.32
2014-01-07,124.38
2014-01-08,124.42
2014-01-09,124.27
2014-01-10,124.58
2014-01-13,124.89
2014-01-14,124.98
2014-01-15,126.83
2014-01-16,126.49
2014-01-17,126.74
2014-01-20,126.53
2014-01-21,126.53
2014-01-22,126.57
2014-01-23,125.13
2014-01-24,122.08
2014-01-27,121.42
2014-01-28,122.12
2014-01-29,121.48
2014-01-30,121.74
2014-01-31,121.4
2014-02-03,119.61
2014-02-04,119.19
2014-02-05,119.23
2014-02-06,120.72
2014-02-07,121.54
2014-02-10,121.43
2014-02-11,122.83
2014-02-12,123.56
2014-02-13,123.49
2014-02-14,123.95
2014-02-17,124.08
2014-02-18,124.31
2014-02-19,124.4
2014-02-20,124.01
2014-02-21,124.69
2014-02-24,125.41
2014-02-25,125.39
2014-02-26,125.03
2014-02-27,124.53
2014-02-28,124.78
2014-03-03,121.87
2014-03-04,124.58
2014-03-05,124.53
2014-03-06,125.02
2014-03-07,123.38
2014-03-10,123.21
2014-03-11,123.18
2014-03-12,122.01
2014-03-13,120.54
2014-03-14,119.86
2014-03-17,121.07
2014-03-18,121.8
2014-03-19,121.78
2014-03-20,121.87
2014-03-21,121.96
2014-03-24,120.78
2014-03-25,122.24
2014-03-26,123.43
2014-03-27,123.62
2014-03-28,124.96
2014-03-31,124.75
2014-04-01,125.45
2014-04-02,125.72
2014-04-03,126.21
2014-04-04,127.02
2014-04-07,125.26
2014-04-08,123.64
2014-04-09,123.58
2014-04-10,122.7
2014-04-11,121.17
2014-04-14,121.09
2014-04-15,119.89
2014-04-16,121.65
2014-04-17,122.14
2014-04-18,122.14
2014-04-21,122.14
2014-04-22,123.46
2014-04-23,122.91
2014-04-24,123.06
2014-04-25,121.95
2014-04-28,122.3
2014-04-29,123.54
2014-04-30,123.64
2014-05-01,123.64
2014-05-02,123.19
2014-05-05,123.1
2014-05-06,122.35
2014-05-07,122.37
2014-05-08,122.37
2014-05-09,123.19
2014-05-12,124.24
2014-05-13,124.81
2014-05-14,124.77
2014-05-15,123.18
2014-05-16,123.45
2014-05-19,123.31
2014-05-20,123.18
2014-05-21,123.85
2014-05-22,124.31
2014-05-23,124.87
2014-05-26,125.68
2014-05-27,125.82
2014-05-28,126.5
2014-05-29,126.5
2014-05-30,126.76
2014-06-02,127.2
2014-06-03,126.89
2014-06-04,126.92
2014-06-05,127.74
2014-06-06,128.56
2014-06-09,128.56
2014-06-10,129.01
2014-06-11,128.43
2014-06-12,128.32
2014-06-13,128.26
2014-06-16,127.52
2014-06-17,128.12
2014-06-18,128.28
2014-06-19,129.36
2014-06-20,129.13
2014-06-23,128.43
2014-06-24,128.54
2014-06-25,127.44
2014-06-26,126.85
2014-06-27,126.63
2014-06-30,126.66
2014-07-01,127.84
2014-07-02,127.66
2014-07-03,128.96
2014-07-04,128.42
2014-07-07,127.01
2014-07-08,125.19
2014-07-09,125.76
2014-07-10,123.83
2014-07-11,123.99
2014-07-14,123.99
2014-07-15,124.17
2014-07-16,125.98
2014-07-17,124.63
2014-07-18,124.82
2014-07-21,123.74
2014-07-22,125.66
2014-07-23,125.84
2014-07-24,127.02
2014-07-25,125.41
2014-07-28,125.32
2014-07-29,125.98
2014-07-30,125.33
2014-07-31,123.34
2014-08-01,121.69
2014-08-04,121.45
2014-08-05,121.46
2014-08-06,120.53
2014-08-07,119.22
2014-08-08,118.83
2014-08-11,120.41
2014-08-12,119.54
2014-08-13,120.6
2014-08-14,120.65
2014-08-15,120.65
2014-08-18,120.62
2014-08-19,121.93
2014-08-20,121.72
2014-08-21,123.18
2014-08-22,122.23
2014-08-25,124.72
2014-08-26,125.94
2014-08-27,125.98
2014-08-28,124.76
2014-08-29,125
2014-09-01,125.32
2014-09-02,125.67
2014-09-03,127.06
2014-09-04,129.07
2014-09-05,128.99
2014-09-08,128.92
2014-09-09,128.16
2014-09-10,128.11
2014-09-11,127.96
2014-09-12,127.72
2014-09-15,127.67
2014-09-16,127.27
2014-09-17,127.83
2014-09-18,129.24
2014-09-19,129.41
2014-09-22,128.68
2014-09-23,126.7
2014-09-24,128.06
2014-09-25,126.38
2014-09-26,127.04
2014-09-29,125.86
2014-09-30,127.27
2014-10-01,125.98
2014-10-02,122.44
2014-10-03,123.49
2014-10-06,123.65
2014-10-07,121.43
2014-10-08,120.16
2014-10-09,119.74
2014-10-10,117.5
2014-10-13,117.55
2014-10-14,117.65
2014-10-15,114.16
2014-10-16,113.66
2014-10-17,116.11
2014-10-20,115.09
2014-10-21,117.17
2014-10-22,117.91
2014-10-23,119.22
2014-10-24,118.72
2014-10-27,117.61
2014-10-28,118.89
2014-10-29,118.56
2014-10-30,119.04
2014-10-31,122.3
2014-11-03,120.99
2014-11-04,119.24
2014-11-05,121.58
2014-11-06,121.91
2014-11-07,120.33
2014-11-10,121.2
2014-11-11,121.2
2014-11-12,119.53
2014-11-13,119.89
2014-11-14,120.09
2014-11-17,120.91
2014-11-18,122.53
2014-11-19,122.81
2014-11-20,122.05
2014-11-21,125.99
2014-11-24,126.81
2014-11-25,128
2014-11-26,127.68
2014-11-27,128.58
2014-11-28,128.77
2014-12-01,128.17
2014-12-02,128.55
2014-12-03,129
2014-12-04,126.73
2014-12-05,130.31
2014-12-08,129.23
2014-12-09,125.68
2014-12-10,125.13
2014-12-11,125.52
2014-12-12,122.1
2014-12-15,119.06
2014-12-16,121.43
2014-12-17,121.49
2014-12-18,125.29
2014-12-19,125.11
2014-12-22,125.91
2014-12-23,127.49
2014-12-24,127.44
2014-12-25,127.44
2014-12-26,127.44
2014-12-29,127
2014-12-30,125.17
2014-12-31,125.25
2015-01-01,125.25
2015-01-02,125.4
2015-01-05,120.9
2015-01-06,119.98
2015-01-07,120.49
2015-01-08,124.96
2015-01-09,121.54
2015-01-12,123.01
2015-01-13,125.27
2015-01-14,123.53
2015-01-15,126.4
2015-01-16,128.27
2015-01-19,129.53
2015-01-20,130.6
2015-01-21,131.64
2015-01-22,133.78
2015-01-23,136.35
2015-01-26,137.53
2015-01-27,135.94
2015-01-28,136
2015-01-29,136.22
2015-01-30,135.67
2015-02-02,136.21
2015-02-03,137.82
2015-02-04,138.07
2015-02-05,138.09
2015-02-06,137.86
2015-02-09,135.98
2015-02-10,137.18
2015-02-11,136.89
2015-02-12,138.55
2015-02-13,139.58
2015-02-16,139.18
2015-02-17,139.26
2015-02-18,140.44
2015-02-19,142.24
2015-02-20,141.17
2015-02-23,142.38
2015-02-24,143.42
2015-02-25,143.4
2015-02-26,144.36
2015-02-27,144.87
2015-03-02,144.93
2015-03-03,144.06
2015-03-04,144.78
2015-03-05,145.63
2015-03-06,145.65
2015-03-09,145.52
2015-03-10,144.82
2015-03-11,146.09
2015-03-12,146.05
2015-03-13,146.3
2015-03-16,146.87
2015-03-17,146.42
2015-03-18,146.74
2015-03-19,146.89
2015-03-20,147.57
2015-03-23,147.33
2015-03-24,147.72
2015-03-25,147.4
2015-03-26,147.07
2015-03-27,147.28
2015-03-30,147.76
2015-03-31,147.5
2015-04-01,147.6
2015-04-02,148.27
2015-04-03,148.27
2015-04-06,148.27
2015-04-07,148.68
2015-04-08,148.71
2015-04-09,148.91
2015-04-10,148.98
2015-04-13,149
2015-04-14,148.96
2015-04-15,148.99
2015-04-16,148.97
2015-04-17,148.81
2015-04-20,148.96
2015-04-21,149
2015-04-22,149
2015-04-23,148.99
2015-04-24,149
2015-04-27,148.99
2015-04-28,148.98
2015-04-29,148.98
2015-04-30,148.98
2015-05-01,148.98
2015-05-04,148.99
2015-05-05,148.98
2015-05-06,148.98
2015-05-07,148.98
2015-05-08,148.98
2015-05-11,148.97
2015-05-12,149.42
2015-05-13,149.42
2015-05-14,149.42
2015-05-15,149.42
2015-05-18,149.42
2015-05-19,149.42
2015-05-20,149.42
2015-05-21,149.42
2015-05-22,149.42
2015-05-25,149.42
2015-05-26,149.42
2015-05-27,149.42
2015-05-28,149.42
2015-05-29,149.42
2015-06-01,149.42
2015-06-02,149.42
2015-06-03,149.42
2015-06-04,149.42
2015-06-05,149.42
2015-06-08,149.42
2015-06-09,149.42
2015-06-10,149.42
2015-06-11,149.42
2015-06-12,149.42
2015-06-15,149.42
2015-06-16,149.42
2015-06-17,149.42
2015-06-18,149.42
2015-06-19,149.42
2015-06-22,149.42
2015-06-23,149.42
2015-06-24,149.42
2015-06-25,149.42
2015-06-26,149.43
2015-06-29,149.43
2015-06-30,149.43
2015-07-01,149.43
2015-07-02,149.43
2015-07-03,149.43
2015-07-06,149.43
2015-07-07,149.43
2015-07-08,149.43
2015-07-09,149.43
2015-07-10,149.43
2015-07-13,149.43
2015-07-14,149.43
2015-07-15,149.43
2015-07-16,149.43
2015-07-17,149.43
2015-07-20,149.43
2015-07-21,149.43
2015-07-22,149.43
2015-07-23,149.43
2015-07-24,149.43
2015-07-27,149.43
2015-07-28,149.43
2015-07-29,149.43
2015-07-30,149.43
2015-07-31,149.44
2015-08-03,149.44
2015-08-04,149.44
2015-08-05,149.44
2015-08-06,149.44
2015-08-07,149.44
2015-08-10,149.44
2015-08-11,149.44
2015-08-12,149.44
2015-08-13,149.44
2015-08-14,149.44
2015-08-17,149.44
2015-08-18,149.44
2015-08-19,149.44
2015-08-20,149.44
2015-08-21,149.44
2015-08-24,149.44
2015-08-25,149.44
2015-08-26,149.44
2015-08-27,149.44
2015-08-28,149.44
2015-08-31,149.44
2015-09-01,149.44
2015-09-02,149.44
2015-09-03,149.44
2015-09-04,149.44
2015-09-07,149.44
2015-09-08,149.44
2015-09-09,149.44
2015-09-10,149.44
2015-09-11,149.45
2015-09-14,149.45
2015-09-15,149.45
2015-09-16,149.45
2015-09-17,149.45
2015-09-18,149.45
2015-09-21,149.45
2015-09-22,149.44
2015-09-23,149.44
2015-09-24,149.45
2015-09-25,149.45
2015-09-28,149.45
2015-09-29,149.45
2015-09-30,149.45
2015-10-01,149.45
2015-10-02,149.45
2015-10-05,149.45
2015-10-06,149.45
2015-10-07,149.45
2015-10-08,149.45
2015-10-09,149.45
2015-10-12,149.45
2015-10-13,149.45
2015-10-14,149.45
2015-10-15,149.45
2015-10-16,149.45
2015-10-19,149.45
2015-10-20,149.45
2015-10-21,149.45
2015-10-22,149.45
2015-10-23,149.45
2015-10-26,149.45
2015-10-27,149.45
2015-10-28,149.45
2015-10-29,149.45
2015-10-30,149.45
2015-11-02,149.45
2015-11-03,149.45
2015-11-04,149.45
2015-11-05,149.45
2015-11-06,149.45
2015-11-09,149.45
2015-11-10,149.45
2015-11-11,149.45
2015-11-12,149.45
2015-11-13,149.45
2015-11-16,149.45
2015-11-17,149.45
2015-11-18,149.45
2015-11-19,149.45
2015-11-20,149.45
2015-11-23,149.45
2015-11-24,149.45
2015-11-25,149.45
2015-11-26,149.45
2015-11-27,149.45
2015-11-30,149.45
2015-12-01,149.45
2015-12-02,149.45
2015-12-03,149.45
2015-12-04,149.45
2015-12-07,149.45
2015-12-08,149.45
2015-12-09,149.45
2015-12-10,149.45
2015-12-11,149.45
2015-12-14,149.45
2015-12-15,149.45
2015-12-16,149.45
2015-12-17,149.45
2015-12-18,149.45
2015-12-21,149.45
2015-12-22,149.45
2015-12-23,149.45
2015-12-24,149.45
2015-12-25,149.45
2015-12-28,149.45
2015-12-29,149.45
2015-12-30,149.45
2015-12-31,149.45
2016-01-01,149.45
2016-01-04,149.45
2016-01-05,149.45
2016-01-06,149.45
2016-01-07,149.45
2016-01-08,149.45
2016-01-11,149.45
2016-01-12,149.45
2016-01-13,149.45
2016-01-14,149.45
2016-01-15,149.45
2016-01-18,149.45
2016-01-19,149.45
2016-01-20,149.45
2016-01-21,149.45
2016-01-22,149.45
2016-01-25,149.45
2016-01-26,149.45
2016-01-27,149.45
2016-01-28,149.45
2016-01-29,149.45
2016-02-01,149.45
2016-02-02,149.45
2016-02-03,149.45
2016-02-04,149.45
2016-02-05,149.45
2016-02-08,149.45
2016-02-09,149.45
2016-02-10,149.45
2016-02-11,149.45
2016-02-12,149.45
2016-02-15,149.45
2016-02-16,149.45
2016-02-17,149.45
2016-02-18,149.45
2016-02-19,149.45
2016-02-22,149.45
2016-02-23,149.45
2016-02-24,149.45
2016-02-25,149.45
2016-02-26,149.45
2016-02-29,149.45
2016-03-01,149.45
2016-03-02,149.45
2016-03-03,149.45
2016-03-04,149.45
2016-03-07,149.45
2016-03-08,149.45
2016-03-09,149.45
2016-03-10,149.45
2016-03-11,149.45
2016-03-14,149.45
2016-03-15,149.45
2016-03-16,149.45
2016-03-17,149.45
2016-03-18,149.45
2016-03-21,149.45
2016-03-22,149.45
2016-03-23,149.45
2016-03-24,149.45
2016-03-25,149.45
2016-03-28,149.45
2016-03-29,149.45
2016-03-30,149.45
2016-03-31,149.45
2016-04-01,149.45
2016-04-04,149.45
2016-04-05,149.45
2016-04-06,149.45
2016-04-07,149.45
2016-04-08,149.45
2016-04-11,149.45
2016-04-12,149.45
2016-04-13,149.45
2016-04-14,149.45
2016-04-15,149.45
2016-04-18,149.45
2016-04-19,149.45
2016-04-20,149.45
2016-04-21,149.45
2016-04-22,149.45
2016-04-25,149.45
2016-04-26,149.45
2016-04-27,149.45
2016-04-28,149.45
2016-04-29,149.45
2016-05-02,149.45
2016-05-03,149.45
2016-05-04,149.45
2016-05-05,149.45
2016-05-06,149.45
2016-05-09,149.45
2016-05-10,149.45
2016-05-11,149.45
2016-05-12,149.45
2016-05-13,149.45
2016-05-16,149.45
2016-05-17,149.45
2016-05-18,149.45
2016-05-19,149.45
2016-05-20,149.45
2016-05-23,149.45
2016-05-24,149.45
2016-05-25,149.45
2016-05-26,149.45
2016-05-27,149.45
2016-05-30,149.45
2016-05-31,149.45
2016-06-01,149.45
2016-06-02,149.45
2016-06-03,149.45
2016-06-06,149.45
2016-06-07,149.45
2016-06-08,149.45
2016-06-09,149.45
2016-06-10,149.45
2016-06-13,149.45
2016-06-14,149.45
2016-06-15,149.45
2016-06-16,149.45
2016-06-17,149.45
2016-06-20,149.45
2016-06-21,149.45
2016-06-22,149.45
2016-06-23,149.45
2016-06-24,149.45
2016-06-27,149.45
2016-06-28,149.45
2016-06-29,149.45
2016-06-30,149.45
2016-07-01,149.45
2016-07-04,149.45
2016-07-05,149.45
2016-07-06,149.45
2016-07-07,149.45
2016-07-08,149.45
2016-07-11,149.45
2016-07-12,149.45
2016-07-13,149.45
2016-07-14,149.45
2016-07-15,149.45
2016-07-18,149.45
2016-07-19,149.45
2016-07-20,149.45
2016-07-21,149.45
2016-07-22,149.45
2016-07-25,149.45
2016-07-26,149.45
2016-07-27,149.45
2016-07-28,149.45
2016-07-29,149.45
2016-08-01,149.45
2016-08-02,149.45
2016-08-03,149.45
2016-08-04,149.45
2016-08-05,149.45
2016-08-08,149.45
2016-08-09,149.45
2016-08-10,149.45
2016-08-11,149.45
2016-08-12,149.45
2016-08-15,149.45
2016-08-16,149.45
2016-08-17,149.45
2016-08-18,149.45
2016-08-19,149.45
2016-08-22,149.45
2016-08-23,149.45
2016-08-24,149.45
2016-08-25,149.45
2016-08-26,149.45
2016-08-29,149.45
2016-08-30,149.45
2016-08-31,149.45
2016-09-01,149.45
2016-09-02,149.45
2016-09-05,149.45
2016-09-06,149.45
2016-09-07,149.45
2016-09-08,149.45
2016-09-09,149.45
2016-09-12,149.45
2016-09-13,149.45
2016-09-14,149.45
2016-09-15,149.45
2016-09-16,149.45
2016-09-19,149.45
2016-09-20,149.45
2016-09-21,149.45
2016-09-22,149.45
2016-09-23,149.45
2016-09-26,149.45
2016-09-27,149.45
2016-09-28,149.45
2016-09-29,149.45
2016-09-30,149.45
2016-10-03,149.45
2016-10-04,149.45
2016-10-05,149.45
2016-10-06,149.45
2016-10-07,149.45
2016-10-10,149.45
2016-10-11,149.45
2016-10-12,149.45
2016-10-13,149.45
2016-10-14,149.45
2016-10-17,149.45
2016-10-18,149.45
2016-10-19,149.45
2016-10-20,149.45
2016-10-21,149.45
2016-10-24,149.45
2016-10-25,149.45
2016-10-26,149.45
2016-10-27,149.45
2016-10-28,149.45
2016-10-31,149.45
2016-11-01,149.45
2016-11-02,149.45
2016-11-03,149.45
2016-11-04,149.45
2016-11-07,149.45
2016-11-08,149.45
2016-11-09,149.45
2016-11-10,149.45
2016-11-11,149.45
2016-11-14,149.45
2016-11-15,149.45
2016-11-16,149.45
2016-11-17,149.45
2016-11-18,149.45
2016-11-21,149.45
2016-11-22,149.45
2016-11-23,149.45
2016-11-24,149.45
2016-11-25,149.45
2016-11-28,149.45
2016-11-29,149.45
2016-11-30,149.45
2016-12-01,149.45
2016-12-02,149.45
2016-12-05,149.45
2016-12-06,149.45
2016-12-07,149.45
2016-12-08,149.45
2016-12-09,149.45
2016-12-12,149.45
2016-12-13,149.45
2016-12-14,149.45
2016-12-15,149.45
2016-12-16,149.45
2016-12-19,149.45
2016-12-20,149.45
2016-12-21,149.45
2016-12-22,149.45
2016-12-23,149.45
2016-12-26,149.45
2016-12-27,149.45
2016-12-28,149.45
2016-12-29,149.45
2016-12-30,149.45
2017-01-02,149.45
2017-01-03,149.45
2017-01-04,149.45
2017-01-05,149.45
2017-01-06,149.45
2017-01-09,149.45
2017-01-10,149.45
2017-01-11,149.45
2017-01-12,149.45
2017-01-13,149.45
2017-01-16,149.45
2017-01-17,149.45
2017-01-18,149.45
2017-01-19,149.45
2017-01-20,149.45
2017-01-23,149.45
2017-01-24,149.45
2017-01-25,149.45
2017-01-26,149.45
2017-01-27,149.45
2017-01-30,149.45
2017-01-31,149.45
2017-02-01,149.45
2017-02-02,149.45
2017-02-03,149.45
2017-02-06,149.45
2017-02-07,149.45
2017-02-08,149.45
2017-02-09,149.45
2017-02-10,149.45
2017-02-13,149.45
2017-02-14,149.45
2017-02-15,149.45
2017-02-16,149.45
2017-02-17,149.45
2017-02-20,149.45
2017-02-21,149.45
2017-02-22,149.45
2017-02-23,149.45
2017-02-24,149.45
2017-02-27,149.45
2017-02-28,149.45
2017-03-01,149.45
2017-03-02,149.45
2017-03-03,149.45
2017-03-06,149.45
2017-03-07,149.45
2017-03-08,149.45
2017-03-09,149.45
2017-03-10,149.45
2017-03-13,149.45
2017-03-14,149.45
2017-03-15,149.45
2017-03-16,149.45
2017-03-17,149.45
2017-03-20,149.45
2017-03-21,149.45
2017-03-22,149.45
2017-03-23,149.45
2017-03-24,149.45
2017-03-27,149.45
2017-03-28,149.45
2017-03-29,149.45
2017-03-30,149.45
2017-03-31,149.45
2017-04-03,149.45
2017-04-04,149.45
2017-04-05,149.45
2017-04-06,149.45
2017-04-07,149.45
2017-04-10,149.45
2017-04-11,149.45
2017-04-12,149.45
2017-04-13,149.45
2017-04-14,149.45
2017-04-17,149.45
2017-04-18,149.45
2017-04-19,149.45
2017-04-20,149.45
2017-04-21,149.45
2017-04-24,149.45
2017-04-25,149.45
2017-04-26,149.45
2017-04-27,149.45
2017-04-28,149.45
2017-05-01,149.45
2017-05-02,149.45
2017-05-03,149.45
2017-05-04,149.45
2017-05-05,149.45
2017-05-08,149.45
2017-05-09,149.45
2017-05-10,149.45
2017-05-11,149.45
2017-05-12,149.45
2017-05-15,149.45
2017-05-16,149.45
2017-05-17,149.45
2017-05-18,149.45
2017-05-19,149.45
2017-05-22,149.45
2017-05-23,149.45
2017-05-24,149.45
2017-05-25,149.45
2017-05-26,149.45
2017-05-29,149.45
2017-05-30,149.45
2017-05-31,149.45
2017-06-01,149.45
2017-06-02,149.45
2017-06-05,149.45
2017-06-06,149.45
2017-06-07,149.45
2017-06-08,149.45
2017-06-09,149.45
2017-06-12,149.45
2017-06-13,149.45
2017-06-14,149.45
2017-06-15,149.45
2017-06-16,149.45
2017-06-19,149.45
2017-06-20,149.45
2017-06-21,149.45
2017-06-22,149.45
2017-06-23,149.45
2017-06-26,149.45
2017-06-27,149.45
2017-06-28,149.45
2017-06-29,149.45
2017-06-30,149.45
2017-07-03,149.45
2017-07-04,149.45
2017-07-05,149.45
2017-07-06,149.45
2017-07-07,149.45
2017-07-10,149.45
2017-07-11,149.45
2017-07-12,149.45
2017-07-13,149.45
2017-07-14,149.45
2017-07-17,149.45
2017-07-18,149.45
2017-07-19,149.45
2017-07-20,149.45
2017-07-21,149.45
2017-07-24,149.45
2017-07-25,149.45
2017-07-26,149.45
2017-07-27,149.45
2017-07-28,149.45
2017-07-31,149.45
2017-08-01,149.45
2017-08-02,149.45
2017-08-03,149.45
2017-08-04,149.45
2017-08-07,149.45
2017-08-08,149.45
2017-08-09,149.45
2017-08-10,149.45
2017-08-11,149.45
2017-08-14,149.45
2017-08-15,149.45
2017-08-16,149.45
2017-08-17,149.45
2017-08-18,149.45
2017-08-21,149.45
2017-08-22,149.45
2017-08-23,149.45
2017-08-24,149.45
2017-08-25,149.45
2017-08-28,149.45
2017-08-29,149.45
2017-08-30,149.45
2017-08-31,149.45
2017-09-01,149.45
2017-09-04,149.45
2017-09-05,149.45
2017-09-06,149.45
2017-09-07,149.45
2017-09-08,149.45
2017-09-11,149.45
2017-09-12,149.45
2017-09-13,149.45
2017-09-14,149.45
2017-09-15,149.45
2017-09-18,149.45
2017-09-19,149.45
2017-09-20,149.45
2017-09-21,149.45
2017-09-22,149.45
2017-09-25,149.45
2017-09-26,149.45
2017-09-27,149.45
2017-09-28,149.45
2017-09-29,149.45
2017-10-02,149.45
2017-10-03,149.45
2017-10-04,149.45
2017-10-05,149.45
2017-10-06,149.45
2017-10-09,149.45
2017-10-10,149.45
2017-10-11,149.45
2017-10-12,149.45
2017-10-13,149.45
2017-10-16,149.45
2017-10-17,149.45
2017-10-18,149.45
2017-10-19,149.45
2017-10-20,149.45
2017-10-23,149.45
2017-10-24,149.45
2017-10-25,149.45
2017-10-26,149.45
2017-10-27,149.45
2017-10-30,149.45
2017-10-31,149.45
2017-11-01,149.45
2017-11-02,149.45
2017-11-03,149.45
2017-11-06,149.45
2017-11-07,149.45
2017-11-08,149.45
2017-11-09,149.45
2017-11-10,149.45
2017-11-13,149.45
2017-11-14,149.45
2017-11-15,149.45
2017-11-16,149.45
2017-11-17,149.45
2017-11-20,149.45
2017-11-21,149.45
2017-11-22,149.45
2017-11-23,149.45
2017-11-24,149.45
2017-11-27,149.45
2017-11-28,149.45
2017-11-29,149.45
2017-11-30,149.45
2017-12-01,149.45
2017-12-04,149.45
2017-12-05,149.45
2017-12-06,149.45
2017-12-07,149.45
2017-12-08,149.45
2017-12-11,149.45
2017-12-12,149.45
2017-12-13,149.45
2017-12-14,149.45
2017-12-15,149.45
2017-12-18,149.45
2017-12-19,149.45
2017-12-20,149.45
2017-12-21,149.45
2017-12-22,149.45
2017-12-25,149.45
2017-12-26,149.45
2017-12-27,149.45
2017-12-28,149.45
2017-12-29,149.45
2018-01-01,149.45
2018-01-02,149.45
2018-01-03,149.45
2018-01-04,149.45
2018-01-05,149.45
2018-01-08,149.45
2018-01-09,149.45
2018-01-10,149.45
2018-01-11,149.45
2018-01-12,149.45
2018-01-15,149.45
2018-01-16,149.45
2018-01-17,149.45
2018-01-18,149.45
2018-01-19,149.45
2018-01-22,149.45
2018-01-23,149.45
2018-01-24,149.45
2018-01-25,149.45
2018-01-26,149.45
2018-01-29,149.45
2018-01-30,149.45
2018-01-31,149.45
2018-02-01,149.45
2018-02-02,149.45
2018-02-05,149.45
2018-02-06,149.45
2018-02-07,149.45
2018-02-08,149.45
2018-02-09,149.45
2018-02-12,149.45
2018-02-13,149.45
2018-02-14,149.45
2018-02-15,149.45
2018-02-16,149.45
2018-02-19,149.45
2018-02-20,149.45
2018-02-21,149.45
2018-02-22,149.45
2018-02-23,149.45
2018-02-26,149.45
2018-02-27,149.45
2018-02-28,149.45
2018-03-01,149.45
2018-03-02,149.45
2018-03-05,149.45
2018-03-06,149.45
2018-03-07,149.45
2018-03-08,149.45
2018-03-09,149.45
2018-03-12,149.45
2018-03-13,149.45
2018-03-14,149.45
2018-03-15,149.45
2018-03-16,149.45
2018-03-19,149.45
2018-03-20,149.45
2018-03-21,149.45
2018-03-22,149.45
2018-03-23,149.45
2018-03-26,149.45
2018-03-27,149.45
2018-03-28,149.45
2018-03-29,149.45
2018-03-30,149.45
2018-04-02,149.45
2018-04-03,149.45
2018-04-04,149.45
2018-04-05,149.45
2018-04-06,149.45
2018-04-09,149.45
2018-04-10,149.45
2018-04-11,149.45
2018-04-12,149.45
2018-04-13,149.45
2018-04-16,149.45
2018-04-17,149.45
2018-04-18,149.45
2018-04-19,149.45
2018-04-20,149.45
2018-04-23,149.45
2018-04-24,149.45
2018-04-25,149.45
2018-04-26,149.45
2018-04-27,149.45
2018-04-30,149.45
2018-05-01,149.45
2018-05-02,149.45
2018-05-03,149.45
2018-05-04,149.45
2018-05-07,149.45
2018-05-08,149.45
2018-05-09,149.45
2018-05-10,149.45
2018-05-11,149.45
2018-05-14,149.45
2018-05-15,149.45
2018-05-16,149.45
2018-05-17,149.45
2018-05-18,149.45
2018-05-21,149.45
2018-05-22,149.45
2018-05-23,149.45
2018-05-24,149.45
2018-05-25,149.45
2018-05-28,149.45
2018-05-29,149.45
2018-05-30,149.45
2018-05-31,149.45
2018-06-01,149.45
2018-06-04,149.45
2018-06-05,149.45
2018-06-06,149.45
2018-06-07,149.45
2018-06-08,149.45
2018-06-11,149.45
2018-06-12,149.45
2018-06-13,149.45
2018-06-14,149.45
2018-06-15,149.45
2018-06-18,149.45
2018-06-19,149.45
2018-06-20,149.45
2018-06-21,149.45
2018-06-22,149.45
2018-06-25,149.45
2018-06-26,149.45
2018-06-27,149.45
2018-06-28,149.45
2018-06-29,149.45
2018-07-02,149.45
2018-07-03,149.45
2018-07-04,149.45
2018-07-05,149.45
2018-07-06,149.45
2018-07-09,149.45
2018-07-10,149.45
2018-07-11,149.45
2018-07-12,149.45
2018-07-13,149.45
2018-07-16,149.45
2018-07-17,149.45
2018-07-18,149.45
2018-07-19,149.45
2018-07-20,149.45
2018-07-23,149.45
2018-07-24,149.45
2018-07-25,149.45
2018-07-26,149.45
2018-07-27,149.45
2018-07-30,149.45
2018-07-31,149.45
2018-08-01,149.45
2018-08-02,149.45
2018-08-03,149.45
2018-08-06,149.45
2018-08-07,149.45
2018-08-08,149.45
2018-08-09,149.45
2018-08-10,149.45
2018-08-13,149.45
2018-08-14,149.45
2018-08-15,149.45
2018-08-16,149.45
2018-08-17,149.45
2018-08-20,149.45
2018-08-21,149.45
2018-08-22,149.45
2018-08-23,149.45
2018-08-24,149.45
2018-08-27,149.45
2018-08-28,149.45
2018-08-29,149.45
2018-08-30,149.45
2018-08-31,149.45
2018-09-03,149.45
2018-09-04,149.45
2018-09-05,149.45
2018-09-06,149.45
2018-09-07,149.45
2018-09-10,149.45
2018-09-11,149.45
2018-09-12,149.45
2018-09-13,149.45
2018-09-14,149.45
2018-09-17,149.45
2018-09-18,149.45
2018-09-19,149.45
2018-09-20,149.45
2018-09-21,149.45
2018-09-24,149.45
2018-09-25,149.45
2018-09-26,149.45
2018-09-27,149.45
2018-09-28,149.45
2018-10-01,149.45
2018-10-02,149.45
2018-10-03,149.45
2018-10-04,149.45
2018-10-05,149.45
2018-10-08,149.45
2018-10-09,149.45
2018-10-10,149.45
2018-10-11,149.45
2018-10-12,149.45
2018-10-15,149.45
2018-10-16,149.45
2018-10-17,149.45
2018-10-18,149.45
2018-10-19,149.45
2018-10-22,149.45
2018-10-23,149.45
2018-10-24,149.45
2018-10-25,149.45
2018-10-26,149.45
2018-10-29,149.45
2018-10-30,149.45
2018-10-31,149.45
2018-11-01,149.45
2018-11-02,149.45
2018-11-05,149.45
2018-11-06,149.45
2018-11-07,149.45
2018-11-08,149.45
2018-11-09,149.45
2018-11-12,149.45
2018-11-13,149.45
2018-11-14,149.45
2018-11-15,149.45
2018-11-16,149.45
2018-11-19,149.45
2018-11-20,149.45
2018-11-21,149.45
2018-11-22,149.45
2018-11-23,149.45
2018-11-26,149.45
2018-11-27,149.45
2018-11-28,149.45
2018-11-29,149.45
2018-11-30,149.45
2018-12-03,149.45
2018-12-04,149.45
2018-12-05,149.45
2018-12-06,149.45
2018-12-07,149.45
2018-12-10,149.45
2018-12-11,149.45
2018-12-12,149.45
2018-12-13,149.45
2018-12-14,149.45
2018-12-17,149.45
2018-12-18,149.45
2018-12-19,149.45
2018-12-20,149.45
2018-12-21,149.45
2018-12-24,149.45
2018-12-25,149.45
2018-12-26,149.45
2018-12-27,149.45
2018-12-28,149.45
2018-12-31,149.45
2019-01-01,149.45
2019-01-02,149.45
2019-01-03,149.45
2019-01-04,149.45
2019-01-07,149.45
2019-01-08,149.45
2019-01-09,149.45
2019-01-10,149.45
2019-01-11,149.45
2019-01-14,149.45
2019-01-15,149.45
2019-01-16,149.45
2019-01-17,149.45
2019-01-18,149.45
2019-01-21,149.45
2019-01-22,149.45
2019-01-23,149.45
2019-01-24,149.45
2019-01-25,149.45
2019-01-28,149.45
2019-01-29,149.45
2019-01-30,149.45
2019-01-31,149.45
2019-02-01,149.45
2019-02-04,149.45
2019-02-05,149.45
2019-02-06,149.45
2019-02-07,149.45
2019-02-08,149.45
2019-02-11,149.45
2019-02-12,149.45
2019-02-13,149.45
2019-02-14,149.45
2019-02-15,149.45
2019-02-18,149.45
2019-02-19,149.45
2019-02-20,149.45
2019-02-21,149.45
2019-02-22,149.45
2019-02-25,149.45
2019-02-26,149.45
2019-02-27,149.45
2019-02-28,149.45
2019-03-01,149.45
2019-03-04,149.45
2019-03-05,149.45
2019-03-06,149.45
2019-03-07,149.45
2019-03-08,149.45
2019-03-11,149.45
2019-03-12,149.45
2019-03-13,149.45
2019-03-14,149.45
2019-03-15,149.45
2019-03-18,149.45
2019-03-19,149.45
2019-03-20,149.45
2019-03-21,149.45
2019-03-22,149.45
2019-03-25,149.45
2019-03-26,149.45
2019-03-27,149.45
2019-03-28,149.45
2019-03-29,149.45
2019-04-01,149.45
2019-04-02,149.45
2019-04-03,149.45
2019-04-04,149.45
2019-04-05,149.45
2019-04-08,149.45
2019-04-09,149.45
2019-04-10,149.45
2019-04-11,149.45
2019-04-12,149.45
2019-04-15,149.45
2019-04-16,149.45
2019-04-17,149.45
2019-04-18,149.45
2019-04-19,149.45
2019-04-22,149.45
2019-04-23,149.45
2019-04-24,149.45
2019-04-25,149.45
2019-04-26,149.45
2019-04-29,149.45
2019-04-30,149.45
2019-05-01,149.45
2019-05-02,149.45
2019-05-03,149.45
2019-05-06,149.45
2019-05-07,149.45
2019-05-08,149.45
2019-05-09,149.45
2019-05-10,149.45
2019-05-13,149.45
2019-05-14,149.45
2019-05-15,149.45
2019-05-16,149.45
2019-05-17,149.45
2019-05-20,149.45
2019-05-21,149.45
2019-05-22,149.45
2019-05-23,149.45
2019-05-24,149.45
2019-05-27,149.45
2019-05-28,149.45
2019-05-29,149.45
2019-05-30,149.45
2019-05-31,149.45
2019-06-03,149.45
2019-06-04,149.45
2019-06-05,149.45
2019-06-06,149.45
2019-06-07,149.45
2019-06-10,149.45
2019-06-11,149.45
2019-06-12,149.45
2019-06-13,149.45
2019-06-14,149.45
2019-06-17,149.45
2019-06-18,149.45
2019-06-19,149.45
2019-06-20,149.45
2019-06-21,149.45
2019-06-24,149.45
2019-06-25,149.45
2019-06-26,149.45
2019-06-27,149.45
2019-06-28,149.45
2019-07-01,149.45
2019-07-02,149.45
2019-07-03,149.45
2019-07-04,149.45
2019-07-05,149.45
2019-07-08,149.45
2019-07-09,149.45
2019-07-10,149.45
2019-07-11,149.45
2019-07-12,149.45
2019-07-15,149.45
2019-07-16,149.45
2019-07-17,149.45
2019-07-18,149.45
2019-07-19,149.45
2019-07-22,149.45
2019-07-23,149.45
2019-07-24,149.45
2019-07-25,149.45
2019-07-26,149.45
2019-07-29,149.45
2019-07-30,149.45
2019-07-31,149.45
2019-08-01,149.45
2019-08-02,149.45
2019-08-05,149.45
2019-08-06,149.45
2019-08-07,149.45
2019-08-08,149.45
2019-08-09,149.45
2019-08-12,149.45
2019-08-13,149.45
2019-08-14,149.45
2019-08-15,149.45
2019-08-16,149.45
2019-08-19,149.45
2019-08-20,149.45
2019-08-21,149.45
2019-08-22,149.45
2019-08-23,149.45
2019-08-26,149.45
2019-08-27,149.45
2019-08-28,149.45
2019-08-29,149.45
2019-08-30,149.45
2019-09-02,149.45
2019-09-03,149.45
2019-09-04,149.45
2019-09-05,149.45
2019-09-06,149.45
2019-09-09,149.45
2019-09-10,149.45
2019-09-11,149.45
2019-09-12,149.45
2019-09-13,149.45
2019-09-16,149.45
2019-09-17,149.45
2019-09-18,149.45
2019-09-19,149.45
2019-09-20,149.45
2019-09-23,149.45
2019-09-24,149.45
2019-09-25,149.45
2019-09-26,149.45
2019-09-27,149.45
2019-09-30,149.45
2019-10-01,149.45
2019-10-02,149.45
2019-10-03,149.45
2019-10-04,149.45
2019-10-07,149.45
2019-10-08,149.45
2019-10-09,149.45
2019-10-10,149.45
2019-10-11,149.45
2019-10-14,149.45
2019-10-15,149.45
2019-10-16,149.45
2019-10-17,149.45
2019-10-18,149.45
2019-10-21,149.45
2019-10-22,149.45
2019-10-23,149.45
2019-10-24,149.45
2019-10-25,149.45
2019-10-28,149.45
2019-10-29,149.45
2019-10-30,149.45
2019-10-31,149.45
2019-11-01,149.45
2019-11-04,149.45
2019-11-05,149.45
2019-11-06,149.45
2019-11-07,149.45
2019-11-08,149.45
2019-11-11,149.45
2019-11-12,149.45
2019-11-13,149.45
2019-11-14,149.45
2019-11-15,149.45
2019-11-18,149.45
2019-11-19,149.45
2019-11-20,149.45
2019-11-21,149.45
2019-11-22,149.45
2019-11-25,149.45
2019-11-26,149.45
2019-11-27,149.45
2019-11-28,149.45
2019-11-29,149.45
2019-12-02,149.45
2019-12-03,149.45
2019-12-04,149.45
2019-12-05,149.45
2019-12-06,149.45
2019-12-09,149.45
2019-12-10,149.45
2019-12-11,149.45
2019-12-12,149.45
2019-12-13,149.45
2019-12-16,149.45
2019-12-17,149.45
2019-12-18,149.45
2019-12-19,149.45
2019-12-20,149.45
2019-12-23,149.45
2019-12-24,149.45
2019-12-25,149.45
2019-12-26,149.45
2019-12-27,149.45
2019-12-30,149.45
2019-12-31,149.45
2020-01-01,149.45
2020-01-02,149.45
2020-01-03,149.45
2020-01-06,149.45
2020-01-07,149.45
2020-01-08,149.45
2020-01-09,149.45
2020-01-10,149.45
2020-01-13,149.45
2020-01-14,149.45
2020-01-15,149.45
2020-01-16,149.45
2020-01-17,149.45
2020-01-20,149.45
2020-01-21,149.45
2020-01-22,149.45
2020-01-23,149.45
2020-01-24,149.45
2020-01-27,149.45
2020-01-28,149.45
2020-01-29,149.45
2020-01-30,149.45
2020-01-31,149.45
2020-02-03,149.45
2020-02-04,149.45
2020-02-05,149.45
2020-02-06,149.45
2020-02-07,149.45
2020-02-10,149.45
2020-02-11,149.45
2020-02-12,149.45
2020-02-13,149.45
2020-02-14,149.45
2020-02-17,149.45
2020-02-18,149.45
2020-02-19,149.45
2020-02-20,149.45
2020-02-21,149.45
2020-02-24,149.45
2020-02-25,149.45
2020-02-26,149.45
2020-02-27,149.45
2020-02-28,149.45
2020-03-02,149.45
2020-03-03,149.45
2020-03-04,149.45
2020-03-05,149.45
2020-03-06,149.45
2020-03-09,149.45
2020-03-10,149.45
2020-03-11,149.45
2020-03-12,149.45
2020-03-13,149.45
2020-03-16,149.45
2020-03-17,149.45
2020-03-18,149.45
2020-03-19,149.45
2020-03-20,149.45
2020-03-23,149.45
2020-03-24,149.45
2020-03-25,149.45
2020-03-26,149.45
2020-03-27,149.45
2020-03-30,149.45
2020-03-31,149.45
2020-04-01,149.45
2020-04-02,149.45
2020-04-03,149.45
2020-04-06,149.45
2020-04-07,149.45
2020-04-08,149.45
2020-04-09,149.45
2020-04-10,149.45
2020-04-13,149.45
2020-04-14,149.45
2020-04-15,149.45
2020-04-16,149.45
2020-04-17,149.45
2020-04-20,149.45
2020-04-21,149.45
2020-04-22,149.45
2020-04-23,149.45
2020-04-24,149.45
2020-04-27,149.45
2020-04-28,149.45
2020-04-29,149.45
2020-04-30,149.45
2020-05-01,149.45
2020-05-04,149.45
2020-05-05,149.45
2020-05-06,149.45
2020-05-07,149.45
2020-05-08,149.45
2020-05-11,149.45
2020-05-12,149.45
2020-05-13,149.45
2020-05-14,149.45
2020-05-15,149.45
2020-05-18,149.45
2020-05-19,149.45
2020-05-20,149.45
2020-05-21,149.45
2020-05-22,149.45
2020-05-25,149.45
2020-05-26,149.45
2020-05-27,149.45
2020-05-28,149.45
2020-05-29,149.45
2020-06-01,149.45
2020-06-02,149.45
2020-06-03,149.45
2020-06-04,149.45
2020-06-05,149.45
2020-06-08,149.45
2020-06-09,149.45
2020-06-10,149.45
2020-06-11,149.45
2020-06-12,149.45
2020-06-15,149.45
2020-06-16,149.45
2020-06-17,149.45
2020-06-18,149.45
2020-06-19,149.45
2020-06-22,149.45
2020-06-23,149.45
2020-06-24,149.45
2020-06-25,149.45
2020-06-26,149.45
2020-06-29,149.45
2020-06-30,149.45
2020-07-01,149.45
2020-07-02,149.45
2020-07-03,149.45
2020-07-06,149.45
2020-07-07,149.45
2020-07-08,149.45
2020-07-09,149.45
2020-07-10,149.45
2020-07-13,149.45
2020-07-14,149.45
2020-07-15,149.45
2020-07-16,149.45
2020-07-17,149.45
2020-07-20,149.45
2020-07-21,149.45
2020-07-22,149.45
2020-07-23,149.45
2020-07-24,149.45
2020-07-27,149.45
2020-07-28,149.45
2020-07-29,149.45
2020-07-30,149.45
2020-07-31,149.45
2020-08-03,149.45
2020-08-04,149.45
2020-08-05,149.45
2020-08-06,149.45
2020-08-07,149.45
2020-08-10,149.45
2020-08-11,149.45
2020-08-12,149.45
2020-08-13,149.45
2020-08-14,149.45
2020-08-17,149.45
2020-08-18,149.45
2020-08-19,149.45
2020-08-20,149.45
2020-08-21,149.45
2020-08-24,149.45
2020-08-25,149.45
2020-08-26,149.45
2020-08-27,149.45
2020-08-28,149.45
2020-08-31,149.45
2020-09-01,149.45
2020-09-02,149.45
2020-09-03,149.45
2020-09-04,149.45
2020-09-07,149.45
2020-09-08,149.45
2020-09-09,149.45
2020-09-10,149.45
2020-09-11,149.45
2020-09-14,149.45
2020-09-15,149.45
2020-09-16,149.45
2020-09-17,149.45
2020-09-18,149.45
2020-09-21,149.45
2020-09-22,149.45
2020-09-23,149.45
2020-09-24,149.45
2020-09-25,149.45
2020-09-28,149.45
2020-09-29,149.45
2020-09-30,149.45
2020-10-01,149.45
2020-10-02,149.45
2020-10-05,149.45
2020-10-06,149.45
2020-10-07,149.45
2020-10-08,149.45
2020-10-09,149.45
2020-10-12,149.45
2020-10-13,149.45
2020-10-14,149.45
2020-10-15,149.45
2020-10-16,149.45
2020-10-19,149.45
2020-10-20,149.45
2020-10-21,149.45
2020-10-22,149.45
2020-10-23,149.45
2020-10-26,149.45
2020-10-27,149.45
2020-10-28,149.45
2020-10-29,149.45
2020-10-30,149.45
2020-11-02,149.45
2020-11-03,149.45
2020-11-04,149.45
2020-11-05,149.45
2020-11-06,149.45
2020-11-09,149.45
2020-11-10,149.45
2020-11-11,149.45
2020-11-12,149.45
2020-11-13,149.45
2020-11-16,149.45
2020-11-17,149.45
2020-11-18,149.45
2020-11-19,149.45
2020-11-20,149.45
2020-11-23,149.45
2020-11-24,149.45
2020-11-25,149.45
2020-11-26,149.45
2020-11-27,149.45
2020-11-30,149.45
2020-12-01,149.45
2020-12-02,149.45
2020-12-03,149.45
2020-12-04,149.45
2020-12-07,149.45
2020-12-08,149.45
2020-12-09,149.45
2020-12-10,149.45
2020-12-11,149.45
2020-12-14,149.45
2020-12-15,149.45
2020-12-16,149.45
2020-12-17,149.45
2020-12-18,149.45
2020-12-21,149.45
2020-12-22,149.45
2020-12-23,149.45
2020-12-24,149.45
2020-12-25,149.45
2020-12-28,149.45
2020-12-29,149.45
2020-12-30,149.45
2020-12-31,149.45
2021-01-01,149.45
2021-01-04,149.45
2021-01-05,149.45
2021-01-06,149.45
2021-01-07,149.45
2021-01-08,149.45
2021-01-11,149.45
2021-01-12,149.45
2021-01-13,149.45
2021-01-14,149.45
2021-01-15,149.45
2021-01-18,149.45
2021-01-19,149.45
2021-01-20,149.45
2021-01-21,149.45
2021-01-22,149.45
2021-01-25,149.45
2021-01-26,149.45
2021-01-27,149.45
2021-01-28,149.45
2021-01-29,149.45
2021-02-01,149.45
2021-02-02,149.45
2021-02-03,149.45
2021-02-04,149.45
2021-02-05,149.45
2021-02-08,149.45
2021-02-09,149.45
2021-02-10,149.45
2021-02-11,149.45
2021-02-12,149.45
2021-02-15,149.45
2021-02-16,149.45
2021-02-17,149.45
2021-02-18,149.45
2021-02-19,149.45
2021-02-22,149.45
2021-02-23,149.45
2021-02-24,149.45
2021-02-25,149.45
2021-02-26,149.45
2021-03-01,149.45
2021-03-02,149.45
2021-03-03,149.45
2021-03-04,149.45